Time (ET),Total,Stocks,Cash,Option liability
2026-09-28 09:30,16214.24,15599.54,964.7,-350.0
2026-09-28 09:31,16232.06,15617.36,964.7,-350.0
2026-09-28 09:32,16257.74,15643.04,964.7,-350.0
2026-09-28 09:33,16218.64,15603.94,964.7,-350.0
2026-09-28 09:34,16222.78,15608.08,964.7,-350.0
2026-09-28 09:35,16179.22,15564.52,964.7,-350.0
2026-09-28 09:36,16191.88,15577.18,964.7,-350.0
2026-09-28 09:37,16194.82,15580.12,964.7,-350.0
2026-09-28 09:38,16188.6,15573.9,964.7,-350.0
2026-09-28 09:39,16204.56,15589.86,964.7,-350.0
2026-09-28 09:40,16188.88,15574.18,964.7,-350.0
2026-09-28 09:41,16177.92,15563.22,964.7,-350.0
2026-09-28 09:42,16208.17,15593.47,964.7,-350.0
2026-09-28 09:43,16213.06,15598.36,964.7,-350.0
2026-09-28 09:44,16215.44,15600.74,964.7,-350.0
2026-09-28 09:45,16211.22,15596.52,964.7,-350.0
2026-09-28 09:46,16220.26,15605.56,964.7,-350.0
2026-09-28 09:47,16224.04,15609.34,964.7,-350.0
2026-09-28 09:48,16229.24,15614.54,964.7,-350.0
2026-09-28 09:49,16241.72,15627.02,964.7,-350.0
2026-09-28 09:50,16226.08,15611.38,964.7,-350.0
2026-09-28 09:51,16222.62,15607.92,964.7,-350.0
2026-09-28 09:52,16229.69,15614.99,964.7,-350.0
2026-09-28 09:53,16254.27,15639.57,964.7,-350.0
2026-09-28 09:54,16248.4,15633.7,964.7,-350.0
2026-09-28 09:55,16236.18,15621.48,964.7,-350.0
2026-09-28 09:56,16216.98,15602.28,964.7,-350.0
2026-09-28 09:57,16240.22,15625.52,964.7,-350.0
2026-09-28 09:58,16239.86,15625.16,964.7,-350.0
2026-09-28 09:59,16257.94,15643.24,964.7,-350.0
2026-09-28 10:00,16248.22,15633.52,964.7,-350.0
2026-09-28 10:01,16238.78,15624.08,964.7,-350.0
2026-09-28 10:02,16248.77,15634.07,964.7,-350.0
2026-09-28 10:03,16234.42,15619.72,964.7,-350.0
2026-09-28 10:04,16211.46,15596.76,964.7,-350.0
2026-09-28 10:05,16192.55,15577.85,964.7,-350.0
2026-09-28 10:06,16206.74,15592.04,964.7,-350.0
2026-09-28 10:07,16210.42,15595.72,964.7,-350.0
2026-09-28 10:08,16213.88,15599.18,964.7,-350.0
2026-09-28 10:09,16213.42,15598.72,964.7,-350.0
2026-09-28 10:10,16199.7,15585.0,964.7,-350.0
2026-09-28 10:11,16184.31,15569.61,964.7,-350.0
2026-09-28 10:12,16190.58,15575.88,964.7,-350.0
2026-09-28 10:13,16192.67,15577.97,964.7,-350.0
2026-09-28 10:14,16177.2,15562.5,964.7,-350.0
2026-09-28 10:15,16185.44,15570.74,964.7,-350.0
2026-09-28 10:16,16180.06,15565.36,964.7,-350.0
2026-09-28 10:17,16195.54,15580.84,964.7,-350.0
2026-09-28 10:18,16198.92,15584.22,964.7,-350.0
2026-09-28 10:19,16200.04,15585.34,964.7,-350.0
2026-09-28 10:20,16192.66,15577.96,964.7,-350.0
2026-09-28 10:21,16182.56,15567.86,964.7,-350.0
2026-09-28 10:22,16214.48,15599.78,964.7,-350.0
2026-09-28 10:23,16210.16,15595.46,964.7,-350.0
2026-09-28 10:24,16201.91,15587.21,964.7,-350.0
2026-09-28 10:25,16211.74,15597.04,964.7,-350.0
2026-09-28 10:26,16199.6,15584.9,964.7,-350.0
2026-09-28 10:27,16204.35,15589.65,964.7,-350.0
2026-09-28 10:28,16200.0,15585.3,964.7,-350.0
2026-09-28 10:29,16188.1,15573.4,964.7,-350.0
2026-09-28 10:30,16183.1,15568.4,964.7,-350.0
2026-09-28 10:31,16178.5,15563.8,964.7,-350.0
2026-09-28 10:32,16182.86,15568.16,964.7,-350.0
2026-09-28 10:33,16173.34,15558.64,964.7,-350.0
2026-09-28 10:34,16178.42,15563.72,964.7,-350.0
2026-09-28 10:35,16174.48,15559.78,964.7,-350.0
2026-09-28 10:36,16171.1,15556.4,964.7,-350.0
2026-09-28 10:37,16154.78,15540.08,964.7,-350.0
2026-09-28 10:38,16126.58,15511.88,964.7,-350.0
2026-09-28 10:39,16134.14,15519.44,964.7,-350.0
2026-09-28 10:40,16133.87,15519.17,964.7,-350.0
2026-09-28 10:41,16134.84,15520.14,964.7,-350.0
2026-09-28 10:42,16114.64,15499.94,964.7,-350.0
2026-09-28 10:43,16082.17,15467.47,964.7,-350.0
2026-09-28 10:44,16062.14,15447.44,964.7,-350.0
2026-09-28 10:45,16033.3,15418.6,964.7,-350.0
2026-09-28 10:46,16020.38,15405.68,964.7,-350.0
2026-09-28 10:47,15988.44,15373.74,964.7,-350.0
2026-09-28 10:48,15992.94,15378.24,964.7,-350.0
2026-09-28 10:49,16002.1,15387.4,964.7,-350.0
2026-09-28 10:50,16030.5,15415.8,964.7,-350.0
2026-09-28 10:51,16004.7,15390.0,964.7,-350.0
2026-09-28 10:52,16002.94,15388.24,964.7,-350.0
2026-09-28 10:53,16005.42,15390.72,964.7,-350.0
2026-09-28 10:54,15983.78,15369.08,964.7,-350.0
2026-09-28 10:55,15973.34,15358.64,964.7,-350.0
2026-09-28 10:56,15999.41,15384.71,964.7,-350.0
2026-09-28 10:57,16008.62,15393.92,964.7,-350.0
2026-09-28 10:58,16001.58,15386.88,964.7,-350.0
2026-09-28 10:59,15997.12,15382.42,964.7,-350.0
2026-09-28 11:00,16005.28,15390.58,964.7,-350.0
2026-09-28 11:01,16009.8,15395.1,964.7,-350.0
2026-09-28 11:02,16002.85,15388.15,964.7,-350.0
2026-09-28 11:03,16025.04,15410.34,964.7,-350.0
2026-09-28 11:04,16026.74,15412.04,964.7,-350.0
2026-09-28 11:05,16025.06,15410.36,964.7,-350.0
2026-09-28 11:06,16041.3,15426.6,964.7,-350.0
2026-09-28 11:07,16069.11,15454.41,964.7,-350.0
2026-09-28 11:08,16066.42,15451.72,964.7,-350.0
2026-09-28 11:09,16087.3,15472.6,964.7,-350.0
2026-09-28 11:10,16081.82,15467.12,964.7,-350.0
2026-09-28 11:11,16078.78,15464.08,964.7,-350.0
2026-09-28 11:12,16076.36,15461.66,964.7,-350.0
2026-09-28 11:13,16067.95,15453.25,964.7,-350.0
2026-09-28 11:14,16057.9,15443.2,964.7,-350.0
2026-09-28 11:15,16063.98,15449.28,964.7,-350.0
2026-09-28 11:16,16046.13,15431.43,964.7,-350.0
2026-09-28 11:17,16041.36,15426.66,964.7,-350.0
2026-09-28 11:18,16043.3,15428.6,964.7,-350.0
2026-09-28 11:19,16055.08,15440.38,964.7,-350.0
2026-09-28 11:20,16042.16,15427.46,964.7,-350.0
2026-09-28 11:21,16033.42,15418.72,964.7,-350.0
2026-09-28 11:22,16032.52,15417.82,964.7,-350.0
2026-09-28 11:23,16041.22,15426.52,964.7,-350.0
2026-09-28 11:24,16043.4,15428.7,964.7,-350.0
2026-09-28 11:25,16039.92,15425.22,964.7,-350.0
2026-09-28 11:26,16041.36,15426.66,964.7,-350.0
2026-09-28 11:27,16048.44,15433.74,964.7,-350.0
2026-09-28 11:28,16050.2,15435.5,964.7,-350.0
2026-09-28 11:29,16046.54,15431.84,964.7,-350.0
2026-09-28 11:30,16045.91,15431.21,964.7,-350.0
2026-09-28 11:31,16037.52,15422.82,964.7,-350.0
2026-09-28 11:32,16037.34,15422.64,964.7,-350.0
2026-09-28 11:33,16045.22,15430.52,964.7,-350.0
2026-09-28 11:34,16040.16,15425.46,964.7,-350.0
2026-09-28 11:35,16052.6,15437.9,964.7,-350.0
2026-09-28 11:36,16079.58,15464.88,964.7,-350.0
2026-09-28 11:37,16077.38,15462.68,964.7,-350.0
2026-09-28 11:38,16085.9,15471.2,964.7,-350.0
2026-09-28 11:39,16082.11,15467.41,964.7,-350.0
2026-09-28 11:40,16067.5,15452.8,964.7,-350.0
2026-09-28 11:41,16036.36,15421.66,964.7,-350.0
2026-09-28 11:42,16042.74,15428.04,964.7,-350.0
2026-09-28 11:43,16030.26,15415.56,964.7,-350.0
2026-09-28 11:44,16030.6,15415.9,964.7,-350.0
2026-09-28 11:45,16031.48,15416.78,964.7,-350.0
2026-09-28 11:46,16043.54,15428.84,964.7,-350.0
2026-09-28 11:47,16041.5,15426.8,964.7,-350.0
2026-09-28 11:48,16043.02,15428.32,964.7,-350.0
2026-09-28 11:49,16044.98,15430.28,964.7,-350.0
2026-09-28 11:50,16049.48,15434.78,964.7,-350.0
2026-09-28 11:51,16042.5,15427.8,964.7,-350.0
2026-09-28 11:52,16040.64,15425.94,964.7,-350.0
2026-09-28 11:53,16041.62,15426.92,964.7,-350.0
2026-09-28 11:54,16059.1,15444.4,964.7,-350.0
2026-09-28 11:55,16072.48,15457.78,964.7,-350.0
2026-09-28 11:56,16073.38,15458.68,964.7,-350.0
2026-09-28 11:57,16073.54,15458.84,964.7,-350.0
2026-09-28 11:58,16068.79,15454.09,964.7,-350.0
2026-09-28 11:59,16075.94,15461.24,964.7,-350.0
2026-09-28 12:00,16071.26,15456.56,964.7,-350.0
2026-09-28 12:01,16065.88,15451.18,964.7,-350.0
2026-09-28 12:02,16060.36,15445.66,964.7,-350.0
2026-09-28 12:03,16062.34,15447.64,964.7,-350.0
2026-09-28 12:04,16060.06,15445.36,964.7,-350.0
2026-09-28 12:05,16057.58,15442.88,964.7,-350.0
2026-09-28 12:06,16069.22,15454.52,964.7,-350.0
2026-09-28 12:07,16076.94,15462.24,964.7,-350.0
2026-09-28 12:08,16084.16,15469.46,964.7,-350.0
2026-09-28 12:09,16082.64,15467.94,964.7,-350.0
2026-09-28 12:10,16087.3,15472.6,964.7,-350.0
2026-09-28 12:11,16084.46,15469.76,964.7,-350.0
2026-09-28 12:12,16067.82,15453.12,964.7,-350.0
2026-09-28 12:13,16065.81,15451.11,964.7,-350.0
2026-09-28 12:14,16064.82,15450.12,964.7,-350.0
2026-09-28 12:15,16065.58,15450.88,964.7,-350.0
2026-09-28 12:16,16137.14,15522.44,964.7,-350.0
2026-09-28 12:17,16130.94,15516.24,964.7,-350.0
2026-09-28 12:18,16143.58,15528.88,964.7,-350.0
2026-09-28 12:19,16130.6,15515.9,964.7,-350.0
2026-09-28 12:20,16189.97,15575.27,964.7,-350.0
2026-09-28 12:21,16189.02,15574.32,964.7,-350.0
2026-09-28 12:22,16192.4,15577.7,964.7,-350.0
2026-09-28 12:23,16195.46,15580.76,964.7,-350.0
2026-09-28 12:24,16212.1,15597.4,964.7,-350.0
2026-09-28 12:25,16232.18,15617.48,964.7,-350.0
2026-09-28 12:26,16293.14,15678.44,964.7,-350.0
2026-09-28 12:27,16285.62,15670.92,964.7,-350.0
2026-09-28 12:28,16278.4,15663.7,964.7,-350.0
2026-09-28 12:29,16266.73,15652.03,964.7,-350.0
2026-09-28 12:30,16243.42,15628.72,964.7,-350.0
2026-09-28 12:31,16241.53,15626.83,964.7,-350.0
2026-09-28 12:32,16198.86,15584.16,964.7,-350.0
2026-09-28 12:33,16214.04,15599.34,964.7,-350.0
2026-09-28 12:34,16214.33,15599.63,964.7,-350.0
2026-09-28 12:35,16219.18,15604.48,964.7,-350.0
2026-09-28 12:36,16230.3,15615.6,964.7,-350.0
2026-09-28 12:37,16233.06,15618.36,964.7,-350.0
2026-09-28 12:38,16197.24,15582.54,964.7,-350.0
2026-09-28 12:39,16191.5,15576.8,964.7,-350.0
2026-09-28 12:40,16196.1,15581.4,964.7,-350.0
2026-09-28 12:41,16171.5,15556.8,964.7,-350.0
2026-09-28 12:42,16151.48,15536.78,964.7,-350.0
2026-09-28 12:43,16162.54,15547.84,964.7,-350.0
2026-09-28 12:44,16166.42,15551.72,964.7,-350.0
2026-09-28 12:45,16170.46,15555.76,964.7,-350.0
2026-09-28 12:46,16171.78,15557.08,964.7,-350.0
2026-09-28 12:47,16158.3,15543.6,964.7,-350.0
2026-09-28 12:48,16144.22,15529.52,964.7,-350.0
2026-09-28 12:49,16158.86,15544.16,964.7,-350.0
2026-09-28 12:50,16164.92,15550.22,964.7,-350.0
2026-09-28 12:51,16154.81,15540.11,964.7,-350.0
2026-09-28 12:52,16164.74,15550.04,964.7,-350.0
2026-09-28 12:53,16172.46,15557.76,964.7,-350.0
2026-09-28 12:54,16177.7,15563.0,964.7,-350.0
2026-09-28 12:55,16175.24,15560.54,964.7,-350.0
2026-09-28 12:56,16174.11,15559.41,964.7,-350.0
2026-09-28 12:57,16176.58,15561.88,964.7,-350.0
2026-09-28 12:58,16175.9,15561.2,964.7,-350.0
2026-09-28 12:59,16172.73,15558.03,964.7,-350.0
2026-09-28 13:00,16146.54,15531.84,964.7,-350.0
2026-09-28 13:01,16158.0,15543.3,964.7,-350.0
2026-09-28 13:02,16149.28,15534.58,964.7,-350.0
2026-09-28 13:03,16148.95,15534.25,964.7,-350.0
2026-09-28 13:04,16153.1,15538.4,964.7,-350.0
2026-09-28 13:05,16155.06,15540.36,964.7,-350.0
2026-09-28 13:06,16154.98,15540.28,964.7,-350.0
2026-09-28 13:07,16146.22,15531.52,964.7,-350.0
2026-09-28 13:08,16142.46,15527.76,964.7,-350.0
2026-09-28 13:09,16142.26,15527.56,964.7,-350.0
2026-09-28 13:10,16141.62,15526.92,964.7,-350.0
2026-09-28 13:11,16272.28,15657.58,964.7,-350.0
2026-09-28 13:12,16255.76,15641.06,964.7,-350.0
2026-09-28 13:13,16274.14,15659.44,964.7,-350.0
2026-09-28 13:14,16275.02,15660.32,964.7,-350.0
2026-09-28 13:15,16248.23,15633.53,964.7,-350.0
2026-09-28 13:16,16251.94,15637.24,964.7,-350.0
2026-09-28 13:17,16225.84,15611.14,964.7,-350.0
2026-09-28 13:18,16198.34,15583.64,964.7,-350.0
2026-09-28 13:19,16181.74,15567.04,964.7,-350.0
2026-09-28 13:20,16171.5,15556.8,964.7,-350.0
2026-09-28 13:21,16180.54,15565.84,964.7,-350.0
2026-09-28 13:22,16182.14,15567.44,964.7,-350.0
2026-09-28 13:23,16177.48,15562.78,964.7,-350.0
2026-09-28 13:24,16184.42,15569.72,964.7,-350.0
2026-09-28 13:25,16186.91,15572.21,964.7,-350.0
2026-09-28 13:26,16159.02,15544.32,964.7,-350.0
2026-09-28 13:27,16161.02,15546.32,964.7,-350.0
2026-09-28 13:28,16167.86,15553.16,964.7,-350.0
2026-09-28 13:29,16165.02,15550.32,964.7,-350.0
2026-09-28 13:30,16177.78,15563.08,964.7,-350.0
2026-09-28 13:31,16188.04,15573.34,964.7,-350.0
2026-09-28 13:32,16183.18,15568.48,964.7,-350.0
2026-09-28 13:33,16173.66,15558.96,964.7,-350.0
2026-09-28 13:34,16173.5,15558.8,964.7,-350.0
2026-09-28 13:35,16184.82,15570.12,964.7,-350.0
2026-09-28 13:36,16180.86,15566.16,964.7,-350.0
2026-09-28 13:37,16156.32,15541.62,964.7,-350.0
2026-09-28 13:38,16173.16,15558.46,964.7,-350.0
2026-09-28 13:39,16174.72,15560.02,964.7,-350.0
2026-09-28 13:40,16175.41,15560.71,964.7,-350.0
2026-09-28 13:41,16180.94,15566.24,964.7,-350.0
2026-09-28 13:42,16176.66,15561.96,964.7,-350.0
2026-09-28 13:43,16180.14,15565.44,964.7,-350.0
2026-09-28 13:44,16171.44,15556.74,964.7,-350.0
2026-09-28 13:45,16174.5,15559.8,964.7,-350.0
2026-09-28 13:46,16175.64,15560.94,964.7,-350.0
2026-09-28 13:47,16171.8,15557.1,964.7,-350.0
2026-09-28 13:48,16172.36,15557.66,964.7,-350.0
2026-09-28 13:49,16187.04,15572.34,964.7,-350.0
2026-09-28 13:50,16181.4,15566.7,964.7,-350.0
2026-09-28 13:51,16174.52,15559.82,964.7,-350.0
2026-09-28 13:52,16184.66,15569.96,964.7,-350.0
2026-09-28 13:53,16186.58,15571.88,964.7,-350.0
2026-09-28 13:54,16191.94,15577.24,964.7,-350.0
2026-09-28 13:55,16185.8,15571.1,964.7,-350.0
2026-09-28 13:56,16180.34,15565.64,964.7,-350.0
2026-09-28 13:57,16176.98,15562.28,964.7,-350.0
2026-09-28 13:58,16175.02,15560.32,964.7,-350.0
2026-09-28 13:59,16179.05,15564.35,964.7,-350.0
2026-09-28 14:00,16187.97,15573.27,964.7,-350.0
2026-09-28 14:01,16168.14,15553.44,964.7,-350.0
2026-09-28 14:02,16179.98,15565.28,964.7,-350.0
2026-09-28 14:03,16181.26,15566.56,964.7,-350.0
2026-09-28 14:04,16190.78,15576.08,964.7,-350.0
2026-09-28 14:05,16187.56,15572.86,964.7,-350.0
2026-09-28 14:06,16187.45,15572.75,964.7,-350.0
2026-09-28 14:07,16179.92,15565.22,964.7,-350.0
2026-09-28 14:08,16180.34,15565.64,964.7,-350.0
2026-09-28 14:09,16184.42,15569.72,964.7,-350.0
2026-09-28 14:10,16195.34,15580.64,964.7,-350.0
2026-09-28 14:11,16188.04,15573.34,964.7,-350.0
2026-09-28 14:12,16185.1,15570.4,964.7,-350.0
2026-09-28 14:13,16183.5,15568.8,964.7,-350.0
2026-09-28 14:14,16194.22,15579.52,964.7,-350.0
2026-09-28 14:15,16193.34,15578.64,964.7,-350.0
2026-09-28 14:16,16193.18,15578.48,964.7,-350.0
2026-09-28 14:17,16186.6,15571.9,964.7,-350.0
2026-09-28 14:18,16181.48,15566.78,964.7,-350.0
2026-09-28 14:19,16171.92,15557.22,964.7,-350.0
2026-09-28 14:20,16172.3,15557.6,964.7,-350.0
2026-09-28 14:21,16176.86,15562.16,964.7,-350.0
2026-09-28 14:22,16183.04,15568.34,964.7,-350.0
2026-09-28 14:23,16158.28,15543.58,964.7,-350.0
2026-09-28 14:24,16156.32,15541.62,964.7,-350.0
2026-09-28 14:25,16163.68,15548.98,964.7,-350.0
2026-09-28 14:26,16166.42,15551.72,964.7,-350.0
2026-09-28 14:27,16166.52,15551.82,964.7,-350.0
2026-09-28 14:28,16167.26,15552.56,964.7,-350.0
2026-09-28 14:29,16162.32,15547.62,964.7,-350.0
2026-09-28 14:30,16156.58,15541.88,964.7,-350.0
2026-09-28 14:31,16140.18,15525.48,964.7,-350.0
2026-09-28 14:32,16141.96,15527.26,964.7,-350.0
2026-09-28 14:33,16151.68,15536.98,964.7,-350.0
2026-09-28 14:34,16155.58,15540.88,964.7,-350.0
2026-09-28 14:35,16155.1,15540.4,964.7,-350.0
2026-09-28 14:36,16153.83,15539.13,964.7,-350.0
2026-09-28 14:37,16156.86,15542.16,964.7,-350.0
2026-09-28 14:38,16144.42,15529.72,964.7,-350.0
2026-09-28 14:39,16131.71,15517.01,964.7,-350.0
2026-09-28 14:40,16142.12,15527.42,964.7,-350.0
2026-09-28 14:41,16153.86,15539.16,964.7,-350.0
2026-09-28 14:42,16149.1,15534.4,964.7,-350.0
2026-09-28 14:43,16158.4,15543.7,964.7,-350.0
2026-09-28 14:44,16170.66,15555.96,964.7,-350.0
2026-09-28 14:45,16166.22,15551.52,964.7,-350.0
2026-09-28 14:46,16166.64,15551.94,964.7,-350.0
2026-09-28 14:47,16164.54,15549.84,964.7,-350.0
2026-09-28 14:48,16174.44,15559.74,964.7,-350.0
2026-09-28 14:49,16178.08,15563.38,964.7,-350.0
2026-09-28 14:50,16178.06,15563.36,964.7,-350.0
2026-09-28 14:51,16159.26,15544.56,964.7,-350.0
2026-09-28 14:52,16159.38,15544.68,964.7,-350.0
2026-09-28 14:53,16172.86,15558.16,964.7,-350.0
2026-09-28 14:54,16161.1,15546.4,964.7,-350.0
2026-09-28 14:55,16166.14,15551.44,964.7,-350.0
2026-09-28 14:56,16168.93,15554.23,964.7,-350.0
2026-09-28 14:57,16167.82,15553.12,964.7,-350.0
2026-09-28 14:58,16172.9,15558.2,964.7,-350.0
2026-09-28 14:59,16166.56,15551.86,964.7,-350.0
2026-09-28 15:00,16140.28,15525.58,964.7,-350.0
2026-09-28 15:01,16136.58,15521.88,964.7,-350.0
2026-09-28 15:02,16129.54,15514.84,964.7,-350.0
2026-09-28 15:03,16140.13,15525.43,964.7,-350.0
2026-09-28 15:04,16139.52,15524.82,964.7,-350.0
2026-09-28 15:05,16137.98,15523.28,964.7,-350.0
2026-09-28 15:06,16136.34,15521.64,964.7,-350.0
2026-09-28 15:07,16129.24,15514.54,964.7,-350.0
2026-09-28 15:08,16125.5,15510.8,964.7,-350.0
2026-09-28 15:09,16125.26,15510.56,964.7,-350.0
2026-09-28 15:10,16113.12,15498.42,964.7,-350.0
2026-09-28 15:11,16108.66,15493.96,964.7,-350.0
2026-09-28 15:12,16107.9,15493.2,964.7,-350.0
2026-09-28 15:13,16096.56,15481.86,964.7,-350.0
2026-09-28 15:14,16093.92,15479.22,964.7,-350.0
2026-09-28 15:15,16083.58,15468.88,964.7,-350.0
2026-09-28 15:16,16093.08,15478.38,964.7,-350.0
2026-09-28 15:17,16092.7,15478.0,964.7,-350.0
2026-09-28 15:18,16102.92,15488.22,964.7,-350.0
2026-09-28 15:19,16098.95,15484.25,964.7,-350.0
2026-09-28 15:20,16097.18,15482.48,964.7,-350.0
2026-09-28 15:21,16096.54,15481.84,964.7,-350.0
2026-09-28 15:22,16096.54,15481.84,964.7,-350.0
2026-09-28 15:23,16096.52,15481.82,964.7,-350.0
2026-09-28 15:24,16101.26,15486.56,964.7,-350.0
2026-09-28 15:25,16112.1,15497.4,964.7,-350.0
2026-09-28 15:26,16112.78,15498.08,964.7,-350.0
2026-09-28 15:27,16100.52,15485.82,964.7,-350.0
2026-09-28 15:28,16101.53,15486.83,964.7,-350.0
2026-09-28 15:29,16102.87,15488.17,964.7,-350.0
2026-09-28 15:30,16091.58,15476.88,964.7,-350.0
2026-09-28 15:31,16092.46,15477.76,964.7,-350.0
2026-09-28 15:32,16089.66,15474.96,964.7,-350.0
2026-09-28 15:33,16088.86,15474.16,964.7,-350.0
2026-09-28 15:34,16096.84,15482.14,964.7,-350.0
2026-09-28 15:35,16092.87,15478.17,964.7,-350.0
2026-09-28 15:36,16080.38,15465.68,964.7,-350.0
2026-09-28 15:37,16076.6,15461.9,964.7,-350.0
2026-09-28 15:38,16066.64,15451.94,964.7,-350.0
2026-09-28 15:39,16056.99,15442.29,964.7,-350.0
2026-09-28 15:40,16053.41,15438.71,964.7,-350.0
2026-09-28 15:41,16063.48,15448.78,964.7,-350.0
2026-09-28 15:42,16074.3,15459.6,964.7,-350.0
2026-09-28 15:43,16071.36,15456.66,964.7,-350.0
2026-09-28 15:44,16067.48,15452.78,964.7,-350.0
2026-09-28 15:45,16075.18,15460.48,964.7,-350.0
2026-09-28 15:46,16081.84,15467.14,964.7,-350.0
2026-09-28 15:47,16084.01,15469.31,964.7,-350.0
2026-09-28 15:48,16070.66,15455.96,964.7,-350.0
2026-09-28 15:49,16061.7,15447.0,964.7,-350.0
2026-09-28 15:50,16053.54,15438.84,964.7,-350.0
2026-09-28 15:51,16067.7,15453.0,964.7,-350.0
2026-09-28 15:52,16055.86,15441.16,964.7,-350.0
2026-09-28 15:53,16055.12,15440.42,964.7,-350.0
2026-09-28 15:54,16035.87,15421.17,964.7,-350.0
2026-09-28 15:55,16035.5,15420.8,964.7,-350.0
2026-09-28 15:56,16050.42,15435.72,964.7,-350.0
2026-09-28 15:57,16063.48,15448.78,964.7,-350.0
2026-09-28 15:58,16079.25,15464.55,964.7,-350.0
2026-09-28 15:59,16074.66,15459.96,964.7,-350.0
2026-09-29 09:30,16105.94,15491.24,964.7,-350.0
2026-09-29 09:31,16091.88,15477.18,964.7,-350.0
2026-09-29 09:32,16089.7,15475.0,964.7,-350.0
2026-09-29 09:33,16055.26,15440.56,964.7,-350.0
2026-09-29 09:34,16066.52,15451.82,964.7,-350.0
2026-09-29 09:35,16067.34,15452.64,964.7,-350.0
2026-09-29 09:36,16073.66,15458.96,964.7,-350.0
2026-09-29 09:37,16068.78,15454.08,964.7,-350.0
2026-09-29 09:38,16075.86,15461.16,964.7,-350.0
2026-09-29 09:39,16087.61,15472.91,964.7,-350.0
2026-09-29 09:40,16067.1,15452.4,964.7,-350.0
2026-09-29 09:41,16081.18,15466.48,964.7,-350.0
2026-09-29 09:42,16058.58,15443.88,964.7,-350.0
2026-09-29 09:43,16040.1,15425.4,964.7,-350.0
2026-09-29 09:44,16044.5,15429.8,964.7,-350.0
2026-09-29 09:45,16052.94,15438.24,964.7,-350.0
2026-09-29 09:46,16054.0,15439.3,964.7,-350.0
2026-09-29 09:47,16045.55,15430.85,964.7,-350.0
2026-09-29 09:48,16032.61,15417.91,964.7,-350.0
2026-09-29 09:49,16031.5,15416.8,964.7,-350.0
2026-09-29 09:50,16044.66,15429.96,964.7,-350.0
2026-09-29 09:51,16049.66,15434.96,964.7,-350.0
2026-09-29 09:52,16054.22,15439.52,964.7,-350.0
2026-09-29 09:53,16057.58,15442.88,964.7,-350.0
2026-09-29 09:54,16047.28,15432.58,964.7,-350.0
2026-09-29 09:55,16063.98,15449.28,964.7,-350.0
2026-09-29 09:56,16064.1,15449.4,964.7,-350.0
2026-09-29 09:57,16056.54,15441.84,964.7,-350.0
2026-09-29 09:58,16051.1,15436.4,964.7,-350.0
2026-09-29 09:59,16019.82,15405.12,964.7,-350.0
2026-09-29 10:00,16057.7,15443.0,964.7,-350.0
2026-09-29 10:01,16048.48,15433.78,964.7,-350.0
2026-09-29 10:02,16031.9,15417.2,964.7,-350.0
2026-09-29 10:03,16036.99,15422.29,964.7,-350.0
2026-09-29 10:04,16034.84,15420.14,964.7,-350.0
2026-09-29 10:05,16040.04,15425.34,964.7,-350.0
2026-09-29 10:06,16038.28,15423.58,964.7,-350.0
2026-09-29 10:07,16127.66,15403.96,964.7,-241.0
2026-09-29 10:08,16145.92,15422.22,964.7,-241.0
2026-09-29 10:09,16146.84,15423.14,964.7,-241.0
2026-09-29 10:10,16149.38,15425.68,964.7,-241.0
2026-09-29 10:11,16136.7,15413.0,964.7,-241.0
2026-09-29 10:12,16146.06,15422.36,964.7,-241.0
2026-09-29 10:13,16157.5,15433.8,964.7,-241.0
2026-09-29 10:14,16156.54,15432.84,964.7,-241.0
2026-09-29 10:15,16140.12,15416.42,964.7,-241.0
2026-09-29 10:16,16159.74,15436.04,964.7,-241.0
2026-09-29 10:17,16172.08,15448.38,964.7,-241.0
2026-09-29 10:18,16173.6,15449.9,964.7,-241.0
2026-09-29 10:19,16163.86,15440.16,964.7,-241.0
2026-09-29 10:20,16137.33,15413.63,964.7,-241.0
2026-09-29 10:21,16151.02,15427.32,964.7,-241.0
2026-09-29 10:22,16161.14,15437.44,964.7,-241.0
2026-09-29 10:23,16149.79,15426.09,964.7,-241.0
2026-09-29 10:24,16153.74,15430.04,964.7,-241.0
2026-09-29 10:25,16168.7,15445.0,964.7,-241.0
2026-09-29 10:26,16179.76,15456.06,964.7,-241.0
2026-09-29 10:27,16180.38,15456.68,964.7,-241.0
2026-09-29 10:28,16161.64,15437.94,964.7,-241.0
2026-09-29 10:29,16160.88,15437.18,964.7,-241.0
2026-09-29 10:30,16181.46,15457.76,964.7,-241.0
2026-09-29 10:31,16179.94,15456.24,964.7,-241.0
2026-09-29 10:32,16156.68,15432.98,964.7,-241.0
2026-09-29 10:33,16164.06,15440.36,964.7,-241.0
2026-09-29 10:34,16169.62,15445.92,964.7,-241.0
2026-09-29 10:35,16176.01,15452.31,964.7,-241.0
2026-09-29 10:36,16173.42,15449.72,964.7,-241.0
2026-09-29 10:37,16156.42,15432.72,964.7,-241.0
2026-09-29 10:38,16169.42,15445.72,964.7,-241.0
2026-09-29 10:39,16171.2,15447.5,964.7,-241.0
2026-09-29 10:40,16151.66,15427.96,964.7,-241.0
2026-09-29 10:41,16151.04,15427.34,964.7,-241.0
2026-09-29 10:42,16158.98,15435.28,964.7,-241.0
2026-09-29 10:43,16156.14,15432.44,964.7,-241.0
2026-09-29 10:44,16154.7,15431.0,964.7,-241.0
2026-09-29 10:45,16164.44,15440.74,964.7,-241.0
2026-09-29 10:46,16164.1,15440.4,964.7,-241.0
2026-09-29 10:47,16167.06,15443.36,964.7,-241.0
2026-09-29 10:48,16155.61,15431.91,964.7,-241.0
2026-09-29 10:49,16129.75,15406.05,964.7,-241.0
2026-09-29 10:50,16160.94,15437.24,964.7,-241.0
2026-09-29 10:51,16177.58,15453.88,964.7,-241.0
2026-09-29 10:52,16184.52,15460.82,964.7,-241.0
2026-09-29 10:53,16178.5,15454.8,964.7,-241.0
2026-09-29 10:54,16190.52,15466.82,964.7,-241.0
2026-09-29 10:55,16183.06,15459.36,964.7,-241.0
2026-09-29 10:56,16186.2,15462.5,964.7,-241.0
2026-09-29 10:57,16182.22,15458.52,964.7,-241.0
2026-09-29 10:58,16157.15,15433.45,964.7,-241.0
2026-09-29 10:59,16146.42,15422.72,964.7,-241.0
2026-09-29 11:00,16117.82,15394.12,964.7,-241.0
2026-09-29 11:01,16124.38,15400.68,964.7,-241.0
2026-09-29 11:02,16119.18,15395.48,964.7,-241.0
2026-09-29 11:03,16119.7,15396.0,964.7,-241.0
2026-09-29 11:04,16109.9,15386.2,964.7,-241.0
2026-09-29 11:05,16101.64,15377.94,964.7,-241.0
2026-09-29 11:06,16114.66,15390.96,964.7,-241.0
2026-09-29 11:07,16108.22,15384.52,964.7,-241.0
2026-09-29 11:08,16097.32,15373.62,964.7,-241.0
2026-09-29 11:09,16099.74,15376.04,964.7,-241.0
2026-09-29 11:10,16105.8,15382.1,964.7,-241.0
2026-09-29 11:11,16094.1,15370.4,964.7,-241.0
2026-09-29 11:12,16076.94,15353.24,964.7,-241.0
2026-09-29 11:13,16087.02,15363.32,964.7,-241.0
2026-09-29 11:14,16104.42,15380.72,964.7,-241.0
2026-09-29 11:15,16106.05,15382.35,964.7,-241.0
2026-09-29 11:16,16110.28,15386.58,964.7,-241.0
2026-09-29 11:17,16098.02,15374.32,964.7,-241.0
2026-09-29 11:18,16068.7,15345.0,964.7,-241.0
2026-09-29 11:19,16059.62,15335.92,964.7,-241.0
2026-09-29 11:20,16051.94,15328.24,964.7,-241.0
2026-09-29 11:21,16057.68,15333.98,964.7,-241.0
2026-09-29 11:22,16049.72,15326.02,964.7,-241.0
2026-09-29 11:23,16031.04,15307.34,964.7,-241.0
2026-09-29 11:24,16036.38,15312.68,964.7,-241.0
2026-09-29 11:25,16039.26,15315.56,964.7,-241.0
2026-09-29 11:26,16035.58,15311.88,964.7,-241.0
2026-09-29 11:27,16026.53,15302.83,964.7,-241.0
2026-09-29 11:28,16037.18,15313.48,964.7,-241.0
2026-09-29 11:29,16036.32,15312.62,964.7,-241.0
2026-09-29 11:30,16041.4,15317.7,964.7,-241.0
2026-09-29 11:31,16044.78,15321.08,964.7,-241.0
2026-09-29 11:32,16059.6,15335.9,964.7,-241.0
2026-09-29 11:33,16075.92,15352.22,964.7,-241.0
2026-09-29 11:34,16088.62,15364.92,964.7,-241.0
2026-09-29 11:35,16090.34,15366.64,964.7,-241.0
2026-09-29 11:36,16092.4,15368.7,964.7,-241.0
2026-09-29 11:37,16090.68,15366.98,964.7,-241.0
2026-09-29 11:38,16101.46,15377.76,964.7,-241.0
2026-09-29 11:39,16095.99,15372.29,964.7,-241.0
2026-09-29 11:40,16086.25,15362.55,964.7,-241.0
2026-09-29 11:41,16065.85,15342.15,964.7,-241.0
2026-09-29 11:42,16089.81,15366.11,964.7,-241.0
2026-09-29 11:43,16076.13,15352.43,964.7,-241.0
2026-09-29 11:44,16088.7,15365.0,964.7,-241.0
2026-09-29 11:45,16078.09,15354.39,964.7,-241.0
2026-09-29 11:46,16069.06,15345.36,964.7,-241.0
2026-09-29 11:47,16099.02,15375.32,964.7,-241.0
2026-09-29 11:48,16090.04,15366.34,964.7,-241.0
2026-09-29 11:49,16093.5,15369.8,964.7,-241.0
2026-09-29 11:50,16074.88,15351.18,964.7,-241.0
2026-09-29 11:51,16058.7,15335.0,964.7,-241.0
2026-09-29 11:52,16050.92,15327.22,964.7,-241.0
2026-09-29 11:53,16047.99,15324.29,964.7,-241.0
2026-09-29 11:54,16044.75,15321.05,964.7,-241.0
2026-09-29 11:55,16048.84,15325.14,964.7,-241.0
2026-09-29 11:56,16051.84,15328.14,964.7,-241.0
2026-09-29 11:57,16046.1,15322.4,964.7,-241.0
2026-09-29 11:58,16052.22,15328.52,964.7,-241.0
2026-09-29 11:59,16053.07,15329.37,964.7,-241.0
2026-09-29 12:00,16047.06,15323.36,964.7,-241.0
2026-09-29 12:01,16047.5,15323.8,964.7,-241.0
2026-09-29 12:02,16026.06,15302.36,964.7,-241.0
2026-09-29 12:03,16025.86,15302.16,964.7,-241.0
2026-09-29 12:04,16027.71,15304.01,964.7,-241.0
2026-09-29 12:05,16033.2,15309.5,964.7,-241.0
2026-09-29 12:06,16027.26,15303.56,964.7,-241.0
2026-09-29 12:07,16043.34,15319.64,964.7,-241.0
2026-09-29 12:08,16055.48,15331.78,964.7,-241.0
2026-09-29 12:09,16061.31,15337.61,964.7,-241.0
2026-09-29 12:10,16057.34,15333.64,964.7,-241.0
2026-09-29 12:11,16055.56,15331.86,964.7,-241.0
2026-09-29 12:12,16058.81,15335.11,964.7,-241.0
2026-09-29 12:13,16040.94,15317.24,964.7,-241.0
2026-09-29 12:14,16040.1,15316.4,964.7,-241.0
2026-09-29 12:15,16036.74,15313.04,964.7,-241.0
2026-09-29 12:16,16047.54,15323.84,964.7,-241.0
2026-09-29 12:17,16044.11,15320.41,964.7,-241.0
2026-09-29 12:18,16039.54,15315.84,964.7,-241.0
2026-09-29 12:19,16033.48,15309.78,964.7,-241.0
2026-09-29 12:20,16052.6,15328.9,964.7,-241.0
2026-09-29 12:21,16043.23,15319.53,964.7,-241.0
2026-09-29 12:22,16045.1,15321.4,964.7,-241.0
2026-09-29 12:23,16040.71,15317.01,964.7,-241.0
2026-09-29 12:24,16040.98,15317.28,964.7,-241.0
2026-09-29 12:25,16041.88,15318.18,964.7,-241.0
2026-09-29 12:26,16061.77,15338.07,964.7,-241.0
2026-09-29 12:27,16064.18,15340.48,964.7,-241.0
2026-09-29 12:28,16069.9,15346.2,964.7,-241.0
2026-09-29 12:29,16070.9,15347.2,964.7,-241.0
2026-09-29 12:30,16061.32,15337.62,964.7,-241.0
2026-09-29 12:31,16066.01,15342.31,964.7,-241.0
2026-09-29 12:32,16049.32,15325.62,964.7,-241.0
2026-09-29 12:33,16054.92,15331.22,964.7,-241.0
2026-09-29 12:34,16058.26,15334.56,964.7,-241.0
2026-09-29 12:35,16059.06,15335.36,964.7,-241.0
2026-09-29 12:36,16067.31,15343.61,964.7,-241.0
2026-09-29 12:37,16065.57,15341.87,964.7,-241.0
2026-09-29 12:38,16067.68,15343.98,964.7,-241.0
2026-09-29 12:39,16063.44,15339.74,964.7,-241.0
2026-09-29 12:40,16048.0,15324.3,964.7,-241.0
2026-09-29 12:41,16034.42,15310.72,964.7,-241.0
2026-09-29 12:42,16040.06,15316.36,964.7,-241.0
2026-09-29 12:43,16037.89,15314.19,964.7,-241.0
2026-09-29 12:44,16023.23,15299.53,964.7,-241.0
2026-09-29 12:45,16009.13,15285.43,964.7,-241.0
2026-09-29 12:46,16029.06,15305.36,964.7,-241.0
2026-09-29 12:47,16033.54,15309.84,964.7,-241.0
2026-09-29 12:48,16043.47,15319.77,964.7,-241.0
2026-09-29 12:49,16042.72,15319.02,964.7,-241.0
2026-09-29 12:50,16047.14,15323.44,964.7,-241.0
2026-09-29 12:51,16044.6,15320.9,964.7,-241.0
2026-09-29 12:52,16044.04,15320.34,964.7,-241.0
2026-09-29 12:53,16048.78,15325.08,964.7,-241.0
2026-09-29 12:54,16042.98,15319.28,964.7,-241.0
2026-09-29 12:55,16033.14,15309.44,964.7,-241.0
2026-09-29 12:56,16019.78,15296.08,964.7,-241.0
2026-09-29 12:57,16019.8,15296.1,964.7,-241.0
2026-09-29 12:58,16028.82,15305.12,964.7,-241.0
2026-09-29 12:59,16041.4,15317.7,964.7,-241.0
2026-09-29 13:00,16022.2,15298.5,964.7,-241.0
2026-09-29 13:01,16021.18,15297.48,964.7,-241.0
2026-09-29 13:02,16014.42,15290.72,964.7,-241.0
2026-09-29 13:03,16019.18,15295.48,964.7,-241.0
2026-09-29 13:04,16021.1,15297.4,964.7,-241.0
2026-09-29 13:05,16028.94,15305.24,964.7,-241.0
2026-09-29 13:06,16022.96,15299.26,964.7,-241.0
2026-09-29 13:07,16017.46,15293.76,964.7,-241.0
2026-09-29 13:08,16019.06,15295.36,964.7,-241.0
2026-09-29 13:09,16019.02,15295.32,964.7,-241.0
2026-09-29 13:10,16024.68,15300.98,964.7,-241.0
2026-09-29 13:11,16024.02,15300.32,964.7,-241.0
2026-09-29 13:12,16016.68,15292.98,964.7,-241.0
2026-09-29 13:13,16019.04,15295.34,964.7,-241.0
2026-09-29 13:14,16019.62,15295.92,964.7,-241.0
2026-09-29 13:15,16030.82,15307.12,964.7,-241.0
2026-09-29 13:16,16006.58,15282.88,964.7,-241.0
2026-09-29 13:17,16016.3,15292.6,964.7,-241.0
2026-09-29 13:18,16012.74,15289.04,964.7,-241.0
2026-09-29 13:19,16021.32,15297.62,964.7,-241.0
2026-09-29 13:20,16021.34,15297.64,964.7,-241.0
2026-09-29 13:21,16023.22,15299.52,964.7,-241.0
2026-09-29 13:22,16024.2,15300.5,964.7,-241.0
2026-09-29 13:23,16033.08,15309.38,964.7,-241.0
2026-09-29 13:24,16039.86,15316.16,964.7,-241.0
2026-09-29 13:25,16039.94,15316.24,964.7,-241.0
2026-09-29 13:26,16041.5,15317.8,964.7,-241.0
2026-09-29 13:27,16046.41,15322.71,964.7,-241.0
2026-09-29 13:28,16050.8,15327.1,964.7,-241.0
2026-09-29 13:29,16050.83,15327.13,964.7,-241.0
2026-09-29 13:30,16042.74,15319.04,964.7,-241.0
2026-09-29 13:31,16042.44,15318.74,964.7,-241.0
2026-09-29 13:32,16047.76,15324.06,964.7,-241.0
2026-09-29 13:33,16049.11,15325.41,964.7,-241.0
2026-09-29 13:34,16050.1,15326.4,964.7,-241.0
2026-09-29 13:35,16050.34,15326.64,964.7,-241.0
2026-09-29 13:36,16049.62,15325.92,964.7,-241.0
2026-09-29 13:37,16059.06,15335.36,964.7,-241.0
2026-09-29 13:38,16050.14,15326.44,964.7,-241.0
2026-09-29 13:39,16049.14,15325.44,964.7,-241.0
2026-09-29 13:40,16052.26,15328.56,964.7,-241.0
2026-09-29 13:41,16050.14,15326.44,964.7,-241.0
2026-09-29 13:42,16035.46,15311.76,964.7,-241.0
2026-09-29 13:43,16040.32,15316.62,964.7,-241.0
2026-09-29 13:44,16057.82,15334.12,964.7,-241.0
2026-09-29 13:45,16060.98,15337.28,964.7,-241.0
2026-09-29 13:46,16058.66,15334.96,964.7,-241.0
2026-09-29 13:47,16053.8,15330.1,964.7,-241.0
2026-09-29 13:48,16050.76,15327.06,964.7,-241.0
2026-09-29 13:49,16042.14,15318.44,964.7,-241.0
2026-09-29 13:50,16044.99,15321.29,964.7,-241.0
2026-09-29 13:51,16040.92,15317.22,964.7,-241.0
2026-09-29 13:52,16030.7,15307.0,964.7,-241.0
2026-09-29 13:53,16016.79,15293.09,964.7,-241.0
2026-09-29 13:54,16020.34,15296.64,964.7,-241.0
2026-09-29 13:55,16021.4,15297.7,964.7,-241.0
2026-09-29 13:56,16021.22,15297.52,964.7,-241.0
2026-09-29 13:57,16019.96,15296.26,964.7,-241.0
2026-09-29 13:58,16003.86,15280.16,964.7,-241.0
2026-09-29 13:59,16013.58,15289.88,964.7,-241.0
2026-09-29 14:00,16072.58,15348.88,964.7,-241.0
2026-09-29 14:01,16058.66,15334.96,964.7,-241.0
2026-09-29 14:02,16067.3,15343.6,964.7,-241.0
2026-09-29 14:03,16060.2,15336.5,964.7,-241.0
2026-09-29 14:04,16060.2,15336.5,964.7,-241.0
2026-09-29 14:05,16081.38,15357.68,964.7,-241.0
2026-09-29 14:06,16080.78,15357.08,964.7,-241.0
2026-09-29 14:07,16076.9,15353.2,964.7,-241.0
2026-09-29 14:08,16065.52,15341.82,964.7,-241.0
2026-09-29 14:09,16039.22,15315.52,964.7,-241.0
2026-09-29 14:10,16040.14,15316.44,964.7,-241.0
2026-09-29 14:11,16039.68,15315.98,964.7,-241.0
2026-09-29 14:12,16042.82,15319.12,964.7,-241.0
2026-09-29 14:13,16061.26,15337.56,964.7,-241.0
2026-09-29 14:14,16077.5,15353.8,964.7,-241.0
2026-09-29 14:15,16081.96,15358.26,964.7,-241.0
2026-09-29 14:16,16084.88,15361.18,964.7,-241.0
2026-09-29 14:17,16082.19,15358.49,964.7,-241.0
2026-09-29 14:18,16082.9,15359.2,964.7,-241.0
2026-09-29 14:19,16087.76,15364.06,964.7,-241.0
2026-09-29 14:20,16085.5,15361.8,964.7,-241.0
2026-09-29 14:21,16102.62,15378.92,964.7,-241.0
2026-09-29 14:22,16114.58,15390.88,964.7,-241.0
2026-09-29 14:23,16103.37,15379.67,964.7,-241.0
2026-09-29 14:24,16091.39,15367.69,964.7,-241.0
2026-09-29 14:25,16088.64,15364.94,964.7,-241.0
2026-09-29 14:26,16093.12,15369.42,964.7,-241.0
2026-09-29 14:27,16092.06,15368.36,964.7,-241.0
2026-09-29 14:28,16106.62,15382.92,964.7,-241.0
2026-09-29 14:29,16099.21,15375.51,964.7,-241.0
2026-09-29 14:30,16083.3,15359.6,964.7,-241.0
2026-09-29 14:31,16077.46,15353.76,964.7,-241.0
2026-09-29 14:32,16083.7,15360.0,964.7,-241.0
2026-09-29 14:33,16076.86,15353.16,964.7,-241.0
2026-09-29 14:34,16086.88,15363.18,964.7,-241.0
2026-09-29 14:35,16097.62,15373.92,964.7,-241.0
2026-09-29 14:36,16100.34,15376.64,964.7,-241.0
2026-09-29 14:37,16100.86,15377.16,964.7,-241.0
2026-09-29 14:38,16134.66,15410.96,964.7,-241.0
2026-09-29 14:39,16151.25,15427.55,964.7,-241.0
2026-09-29 14:40,16157.96,15434.26,964.7,-241.0
2026-09-29 14:41,16161.08,15437.38,964.7,-241.0
2026-09-29 14:42,16157.2,15433.5,964.7,-241.0
2026-09-29 14:43,16142.22,15418.52,964.7,-241.0
2026-09-29 14:44,16148.73,15425.03,964.7,-241.0
2026-09-29 14:45,16155.09,15431.39,964.7,-241.0
2026-09-29 14:46,16142.73,15419.03,964.7,-241.0
2026-09-29 14:47,16120.63,15396.93,964.7,-241.0
2026-09-29 14:48,16132.74,15409.04,964.7,-241.0
2026-09-29 14:49,16134.79,15411.09,964.7,-241.0
2026-09-29 14:50,16135.42,15411.72,964.7,-241.0
2026-09-29 14:51,16136.82,15413.12,964.7,-241.0
2026-09-29 14:52,16144.59,15420.89,964.7,-241.0
2026-09-29 14:53,16141.04,15417.34,964.7,-241.0
2026-09-29 14:54,16135.9,15412.2,964.7,-241.0
2026-09-29 14:55,16137.48,15413.78,964.7,-241.0
2026-09-29 14:56,16136.06,15412.36,964.7,-241.0
2026-09-29 14:57,16131.85,15408.15,964.7,-241.0
2026-09-29 14:58,16135.62,15411.92,964.7,-241.0
2026-09-29 14:59,16148.36,15424.66,964.7,-241.0
2026-09-29 15:00,16153.58,15429.88,964.7,-241.0
2026-09-29 15:01,16147.62,15423.92,964.7,-241.0
2026-09-29 15:02,16147.28,15423.58,964.7,-241.0
2026-09-29 15:03,16150.62,15426.92,964.7,-241.0
2026-09-29 15:04,16159.42,15435.72,964.7,-241.0
2026-09-29 15:05,16155.78,15432.08,964.7,-241.0
2026-09-29 15:06,16155.65,15431.95,964.7,-241.0
2026-09-29 15:07,16153.39,15429.69,964.7,-241.0
2026-09-29 15:08,16152.42,15428.72,964.7,-241.0
2026-09-29 15:09,16144.92,15421.22,964.7,-241.0
2026-09-29 15:10,16140.28,15416.58,964.7,-241.0
2026-09-29 15:11,16145.04,15421.34,964.7,-241.0
2026-09-29 15:12,16129.18,15405.48,964.7,-241.0
2026-09-29 15:13,16128.44,15404.74,964.7,-241.0
2026-09-29 15:14,16125.26,15401.56,964.7,-241.0
2026-09-29 15:15,16119.14,15395.44,964.7,-241.0
2026-09-29 15:16,16123.42,15399.72,964.7,-241.0
2026-09-29 15:17,16122.34,15398.64,964.7,-241.0
2026-09-29 15:18,16128.42,15404.72,964.7,-241.0
2026-09-29 15:19,16131.86,15408.16,964.7,-241.0
2026-09-29 15:20,16129.0,15405.3,964.7,-241.0
2026-09-29 15:21,16138.52,15414.82,964.7,-241.0
2026-09-29 15:22,16141.44,15417.74,964.7,-241.0
2026-09-29 15:23,16147.74,15424.04,964.7,-241.0
2026-09-29 15:24,16130.64,15406.94,964.7,-241.0
2026-09-29 15:25,16130.82,15407.12,964.7,-241.0
2026-09-29 15:26,16136.65,15412.95,964.7,-241.0
2026-09-29 15:27,16132.09,15408.39,964.7,-241.0
2026-09-29 15:28,16125.1,15401.4,964.7,-241.0
2026-09-29 15:29,16131.26,15407.56,964.7,-241.0
2026-09-29 15:30,16124.18,15400.48,964.7,-241.0
2026-09-29 15:31,16130.48,15406.78,964.7,-241.0
2026-09-29 15:32,16145.65,15421.95,964.7,-241.0
2026-09-29 15:33,16139.66,15415.96,964.7,-241.0
2026-09-29 15:34,16140.26,15416.56,964.7,-241.0
2026-09-29 15:35,16128.94,15405.24,964.7,-241.0
2026-09-29 15:36,16130.02,15406.32,964.7,-241.0
2026-09-29 15:37,16136.5,15412.8,964.7,-241.0
2026-09-29 15:38,16135.58,15411.88,964.7,-241.0
2026-09-29 15:39,16132.97,15409.27,964.7,-241.0
2026-09-29 15:40,16127.26,15403.56,964.7,-241.0
2026-09-29 15:41,16123.24,15399.54,964.7,-241.0
2026-09-29 15:42,16119.82,15396.12,964.7,-241.0
2026-09-29 15:43,16107.2,15383.5,964.7,-241.0
2026-09-29 15:44,16109.93,15386.23,964.7,-241.0
2026-09-29 15:45,16104.06,15380.36,964.7,-241.0
2026-09-29 15:46,16107.18,15383.48,964.7,-241.0
2026-09-29 15:47,16120.82,15397.12,964.7,-241.0
2026-09-29 15:48,16114.64,15390.94,964.7,-241.0
2026-09-29 15:49,16113.62,15389.92,964.7,-241.0
2026-09-29 15:50,16121.68,15397.98,964.7,-241.0
2026-09-29 15:51,16128.12,15404.42,964.7,-241.0
2026-09-29 15:52,16136.6,15412.9,964.7,-241.0
2026-09-29 15:53,16137.36,15413.66,964.7,-241.0
2026-09-29 15:54,16136.12,15412.42,964.7,-241.0
2026-09-29 15:55,16110.78,15387.08,964.7,-241.0
2026-09-29 15:56,16100.82,15377.12,964.7,-241.0
2026-09-29 15:57,16120.36,15396.66,964.7,-241.0
2026-09-29 15:58,16112.48,15388.78,964.7,-241.0
2026-09-29 15:59,16124.5,15400.8,964.7,-241.0
2026-09-30 09:30,16240.96,15517.26,964.7,-241.0
2026-09-30 09:31,16279.26,15555.56,964.7,-241.0
2026-09-30 09:32,16250.79,15527.09,964.7,-241.0
2026-09-30 09:33,16254.71,15531.01,964.7,-241.0
2026-09-30 09:34,16259.33,15535.63,964.7,-241.0
2026-09-30 09:35,16254.71,15531.01,964.7,-241.0
2026-09-30 09:36,16255.44,15531.74,964.7,-241.0
2026-09-30 09:37,16264.17,15540.47,964.7,-241.0
2026-09-30 09:38,16238.82,15515.12,964.7,-241.0
2026-09-30 09:39,16263.2,15539.5,964.7,-241.0
2026-09-30 09:40,16253.23,15529.53,964.7,-241.0
2026-09-30 09:41,16266.42,15542.72,964.7,-241.0
2026-09-30 09:42,16263.46,15539.76,964.7,-241.0
2026-09-30 09:43,16276.72,15553.02,964.7,-241.0
2026-09-30 09:44,16253.42,15529.72,964.7,-241.0
2026-09-30 09:45,16235.32,15511.62,964.7,-241.0
2026-09-30 09:46,16231.2,15507.5,964.7,-241.0
2026-09-30 09:47,16231.66,15507.96,964.7,-241.0
2026-09-30 09:48,16235.29,15511.59,964.7,-241.0
2026-09-30 09:49,16282.2,15558.5,964.7,-241.0
2026-09-30 09:50,16282.26,15558.56,964.7,-241.0
2026-09-30 09:51,16277.7,15554.0,964.7,-241.0
2026-09-30 09:52,16271.94,15548.24,964.7,-241.0
2026-09-30 09:53,16265.22,15541.52,964.7,-241.0
2026-09-30 09:54,16299.26,15575.56,964.7,-241.0
2026-09-30 09:55,16303.03,15579.33,964.7,-241.0
2026-09-30 09:56,16301.88,15578.18,964.7,-241.0
2026-09-30 09:57,16294.4,15570.7,964.7,-241.0
2026-09-30 09:58,16305.5,15581.8,964.7,-241.0
2026-09-30 09:59,16334.1,15610.4,964.7,-241.0
2026-09-30 10:00,16334.05,15610.35,964.7,-241.0
2026-09-30 10:01,16363.19,15639.49,964.7,-241.0
2026-09-30 10:02,16357.66,15633.96,964.7,-241.0
2026-09-30 10:03,16366.04,15642.34,964.7,-241.0
2026-09-30 10:04,16363.74,15640.04,964.7,-241.0
2026-09-30 10:05,16385.84,15662.14,964.7,-241.0
2026-09-30 10:06,16395.77,15672.07,964.7,-241.0
2026-09-30 10:07,16390.59,15666.89,964.7,-241.0
2026-09-30 10:08,16378.5,15654.8,964.7,-241.0
2026-09-30 10:09,16367.84,15644.14,964.7,-241.0
2026-09-30 10:10,16362.2,15638.5,964.7,-241.0
2026-09-30 10:11,16337.78,15614.08,964.7,-241.0
2026-09-30 10:12,16360.08,15636.38,964.7,-241.0
2026-09-30 10:13,16345.34,15621.64,964.7,-241.0
2026-09-30 10:14,16339.62,15615.92,964.7,-241.0
2026-09-30 10:15,16362.58,15638.88,964.7,-241.0
2026-09-30 10:16,16366.22,15642.52,964.7,-241.0
2026-09-30 10:17,16370.86,15647.16,964.7,-241.0
2026-09-30 10:18,16374.44,15650.74,964.7,-241.0
2026-09-30 10:19,16382.4,15658.7,964.7,-241.0
2026-09-30 10:20,16399.89,15676.19,964.7,-241.0
2026-09-30 10:21,16398.71,15675.01,964.7,-241.0
2026-09-30 10:22,16390.46,15666.76,964.7,-241.0
2026-09-30 10:23,16382.96,15659.26,964.7,-241.0
2026-09-30 10:24,16366.12,15642.42,964.7,-241.0
2026-09-30 10:25,16347.51,15623.81,964.7,-241.0
2026-09-30 10:26,16344.27,15620.57,964.7,-241.0
2026-09-30 10:27,16342.58,15618.88,964.7,-241.0
2026-09-30 10:28,16315.96,15592.26,964.7,-241.0
2026-09-30 10:29,16333.92,15610.22,964.7,-241.0
2026-09-30 10:30,16330.54,15606.84,964.7,-241.0
2026-09-30 10:31,16344.26,15620.56,964.7,-241.0
2026-09-30 10:32,16325.9,15602.2,964.7,-241.0
2026-09-30 10:33,16324.21,15600.51,964.7,-241.0
2026-09-30 10:34,16313.19,15589.49,964.7,-241.0
2026-09-30 10:35,16309.16,15585.46,964.7,-241.0
2026-09-30 10:36,16303.02,15579.32,964.7,-241.0
2026-09-30 10:37,16316.91,15593.21,964.7,-241.0
2026-09-30 10:38,16330.96,15607.26,964.7,-241.0
2026-09-30 10:39,16320.78,15597.08,964.7,-241.0
2026-09-30 10:40,16325.7,15602.0,964.7,-241.0
2026-09-30 10:41,16335.12,15611.42,964.7,-241.0
2026-09-30 10:42,16359.67,15635.97,964.7,-241.0
2026-09-30 10:43,16338.34,15614.64,964.7,-241.0
2026-09-30 10:44,16316.34,15592.64,964.7,-241.0
2026-09-30 10:45,16331.48,15607.78,964.7,-241.0
2026-09-30 10:46,16335.74,15612.04,964.7,-241.0
2026-09-30 10:47,16349.32,15625.62,964.7,-241.0
2026-09-30 10:48,16350.38,15626.68,964.7,-241.0
2026-09-30 10:49,16358.17,15634.47,964.7,-241.0
2026-09-30 10:50,16364.76,15641.06,964.7,-241.0
2026-09-30 10:51,16364.62,15640.92,964.7,-241.0
2026-09-30 10:52,16381.42,15657.72,964.7,-241.0
2026-09-30 10:53,16389.58,15665.88,964.7,-241.0
2026-09-30 10:54,16403.46,15679.76,964.7,-241.0
2026-09-30 10:55,16398.92,15675.22,964.7,-241.0
2026-09-30 10:56,16391.82,15668.12,964.7,-241.0
2026-09-30 10:57,16401.48,15677.78,964.7,-241.0
2026-09-30 10:58,16379.16,15655.46,964.7,-241.0
2026-09-30 10:59,16367.12,15643.42,964.7,-241.0
2026-09-30 11:00,16350.38,15626.68,964.7,-241.0
2026-09-30 11:01,16353.38,15629.68,964.7,-241.0
2026-09-30 11:02,16355.57,15631.87,964.7,-241.0
2026-09-30 11:03,16353.24,15629.54,964.7,-241.0
2026-09-30 11:04,16363.1,15639.4,964.7,-241.0
2026-09-30 11:05,16355.1,15631.4,964.7,-241.0
2026-09-30 11:06,16340.44,15616.74,964.7,-241.0
2026-09-30 11:07,16331.86,15608.16,964.7,-241.0
2026-09-30 11:08,16345.72,15622.02,964.7,-241.0
2026-09-30 11:09,16361.82,15638.12,964.7,-241.0
2026-09-30 11:10,16363.38,15639.68,964.7,-241.0
2026-09-30 11:11,16345.78,15622.08,964.7,-241.0
2026-09-30 11:12,16337.94,15614.24,964.7,-241.0
2026-09-30 11:13,16350.9,15627.2,964.7,-241.0
2026-09-30 11:14,16342.34,15618.64,964.7,-241.0
2026-09-30 11:15,16367.0,15643.3,964.7,-241.0
2026-09-30 11:16,16379.53,15655.83,964.7,-241.0
2026-09-30 11:17,16375.09,15651.39,964.7,-241.0
2026-09-30 11:18,16364.78,15641.08,964.7,-241.0
2026-09-30 11:19,16360.1,15636.4,964.7,-241.0
2026-09-30 11:20,16346.56,15622.86,964.7,-241.0
2026-09-30 11:21,16345.04,15621.34,964.7,-241.0
2026-09-30 11:22,16335.46,15611.76,964.7,-241.0
2026-09-30 11:23,16336.5,15612.8,964.7,-241.0
2026-09-30 11:24,16335.96,15612.26,964.7,-241.0
2026-09-30 11:25,16334.78,15611.08,964.7,-241.0
2026-09-30 11:26,16329.3,15605.6,964.7,-241.0
2026-09-30 11:27,16348.5,15624.8,964.7,-241.0
2026-09-30 11:28,16354.54,15630.84,964.7,-241.0
2026-09-30 11:29,16370.92,15647.22,964.7,-241.0
2026-09-30 11:30,16382.12,15658.42,964.7,-241.0
2026-09-30 11:31,16383.34,15659.64,964.7,-241.0
2026-09-30 11:32,16383.76,15660.06,964.7,-241.0
2026-09-30 11:33,16376.12,15652.42,964.7,-241.0
2026-09-30 11:34,16371.46,15647.76,964.7,-241.0
2026-09-30 11:35,16372.62,15648.92,964.7,-241.0
2026-09-30 11:36,16368.14,15644.44,964.7,-241.0
2026-09-30 11:37,16372.94,15649.24,964.7,-241.0
2026-09-30 11:38,16375.36,15651.66,964.7,-241.0
2026-09-30 11:39,16377.02,15653.32,964.7,-241.0
2026-09-30 11:40,16368.6,15644.9,964.7,-241.0
2026-09-30 11:41,16373.14,15649.44,964.7,-241.0
2026-09-30 11:42,16372.2,15648.5,964.7,-241.0
2026-09-30 11:43,16353.6,15629.9,964.7,-241.0
2026-09-30 11:44,16336.22,15612.52,964.7,-241.0
2026-09-30 11:45,16340.5,15616.8,964.7,-241.0
2026-09-30 11:46,16338.41,15614.71,964.7,-241.0
2026-09-30 11:47,16341.74,15618.04,964.7,-241.0
2026-09-30 11:48,16369.08,15645.38,964.7,-241.0
2026-09-30 11:49,16404.58,15680.88,964.7,-241.0
2026-09-30 11:50,16399.36,15675.66,964.7,-241.0
2026-09-30 11:51,16385.88,15662.18,964.7,-241.0
2026-09-30 11:52,16368.82,15645.12,964.7,-241.0
2026-09-30 11:53,16375.46,15651.76,964.7,-241.0
2026-09-30 11:54,16349.46,15625.76,964.7,-241.0
2026-09-30 11:55,16346.1,15622.4,964.7,-241.0
2026-09-30 11:56,16349.16,15625.46,964.7,-241.0
2026-09-30 11:57,16360.14,15636.44,964.7,-241.0
2026-09-30 11:58,16366.66,15642.96,964.7,-241.0
2026-09-30 11:59,16373.16,15649.46,964.7,-241.0
2026-09-30 12:00,16372.56,15648.86,964.7,-241.0
2026-09-30 12:01,16374.62,15650.92,964.7,-241.0
2026-09-30 12:02,16388.82,15665.12,964.7,-241.0
2026-09-30 12:03,16390.04,15666.34,964.7,-241.0
2026-09-30 12:04,16381.94,15658.24,964.7,-241.0
2026-09-30 12:05,16390.79,15667.09,964.7,-241.0
2026-09-30 12:06,16395.62,15671.92,964.7,-241.0
2026-09-30 12:07,16385.06,15661.36,964.7,-241.0
2026-09-30 12:08,16383.0,15659.3,964.7,-241.0
2026-09-30 12:09,16384.92,15661.22,964.7,-241.0
2026-09-30 12:10,16384.88,15661.18,964.7,-241.0
2026-09-30 12:11,16390.44,15666.74,964.7,-241.0
2026-09-30 12:12,16378.96,15655.26,964.7,-241.0
2026-09-30 12:13,16395.36,15671.66,964.7,-241.0
2026-09-30 12:14,16395.69,15671.99,964.7,-241.0
2026-09-30 12:15,16388.42,15664.72,964.7,-241.0
2026-09-30 12:16,16384.18,15660.48,964.7,-241.0
2026-09-30 12:17,16355.42,15631.72,964.7,-241.0
2026-09-30 12:18,16354.36,15630.66,964.7,-241.0
2026-09-30 12:19,16363.9,15640.2,964.7,-241.0
2026-09-30 12:20,16360.95,15637.25,964.7,-241.0
2026-09-30 12:21,16362.79,15639.09,964.7,-241.0
2026-09-30 12:22,16365.49,15641.79,964.7,-241.0
2026-09-30 12:23,16362.86,15639.16,964.7,-241.0
2026-09-30 12:24,16357.24,15633.54,964.7,-241.0
2026-09-30 12:25,16356.94,15633.24,964.7,-241.0
2026-09-30 12:26,16352.9,15629.2,964.7,-241.0
2026-09-30 12:27,16348.94,15625.24,964.7,-241.0
2026-09-30 12:28,16344.92,15621.22,964.7,-241.0
2026-09-30 12:29,16340.52,15616.82,964.7,-241.0
2026-09-30 12:30,16330.16,15606.46,964.7,-241.0
2026-09-30 12:31,16326.64,15602.94,964.7,-241.0
2026-09-30 12:32,16334.18,15610.48,964.7,-241.0
2026-09-30 12:33,16330.69,15606.99,964.7,-241.0
2026-09-30 12:34,16338.72,15615.02,964.7,-241.0
2026-09-30 12:35,16341.08,15617.38,964.7,-241.0
2026-09-30 12:36,16319.55,15595.85,964.7,-241.0
2026-09-30 12:37,16327.83,15604.13,964.7,-241.0
2026-09-30 12:38,16337.8,15614.1,964.7,-241.0
2026-09-30 12:39,16332.39,15608.69,964.7,-241.0
2026-09-30 12:40,16337.06,15613.36,964.7,-241.0
2026-09-30 12:41,16351.84,15628.14,964.7,-241.0
2026-09-30 12:42,16340.52,15616.82,964.7,-241.0
2026-09-30 12:43,16360.4,15636.7,964.7,-241.0
2026-09-30 12:44,16365.14,15641.44,964.7,-241.0
2026-09-30 12:45,16344.26,15620.56,964.7,-241.0
2026-09-30 12:46,16343.38,15619.68,964.7,-241.0
2026-09-30 12:47,16347.7,15624.0,964.7,-241.0
2026-09-30 12:48,16330.28,15606.58,964.7,-241.0
2026-09-30 12:49,16324.06,15600.36,964.7,-241.0
2026-09-30 12:50,16331.74,15608.04,964.7,-241.0
2026-09-30 12:51,16339.4,15615.7,964.7,-241.0
2026-09-30 12:52,16341.2,15617.5,964.7,-241.0
2026-09-30 12:53,16341.22,15617.52,964.7,-241.0
2026-09-30 12:54,16336.39,15612.69,964.7,-241.0
2026-09-30 12:55,16335.95,15612.25,964.7,-241.0
2026-09-30 12:56,16331.08,15607.38,964.7,-241.0
2026-09-30 12:57,16347.72,15624.02,964.7,-241.0
2026-09-30 12:58,16351.62,15627.92,964.7,-241.0
2026-09-30 12:59,16352.04,15628.34,964.7,-241.0
2026-09-30 13:00,16355.38,15631.68,964.7,-241.0
2026-09-30 13:01,16357.96,15634.26,964.7,-241.0
2026-09-30 13:02,16358.28,15634.58,964.7,-241.0
2026-09-30 13:03,16352.24,15628.54,964.7,-241.0
2026-09-30 13:04,16353.74,15630.04,964.7,-241.0
2026-09-30 13:05,16358.68,15634.98,964.7,-241.0
2026-09-30 13:06,16363.47,15639.77,964.7,-241.0
2026-09-30 13:07,16360.14,15636.44,964.7,-241.0
2026-09-30 13:08,16362.34,15638.64,964.7,-241.0
2026-09-30 13:09,16357.15,15633.45,964.7,-241.0
2026-09-30 13:10,16348.72,15625.02,964.7,-241.0
2026-09-30 13:11,16347.76,15624.06,964.7,-241.0
2026-09-30 13:12,16345.67,15621.97,964.7,-241.0
2026-09-30 13:13,16319.58,15595.88,964.7,-241.0
2026-09-30 13:14,16323.84,15600.14,964.7,-241.0
2026-09-30 13:15,16292.62,15568.92,964.7,-241.0
2026-09-30 13:16,16291.27,15567.57,964.7,-241.0
2026-09-30 13:17,16295.58,15571.88,964.7,-241.0
2026-09-30 13:18,16285.2,15561.5,964.7,-241.0
2026-09-30 13:19,16277.66,15553.96,964.7,-241.0
2026-09-30 13:20,16263.14,15539.44,964.7,-241.0
2026-09-30 13:21,16285.36,15561.66,964.7,-241.0
2026-09-30 13:22,16279.94,15556.24,964.7,-241.0
2026-09-30 13:23,16272.26,15548.56,964.7,-241.0
2026-09-30 13:24,16281.96,15558.26,964.7,-241.0
2026-09-30 13:25,16272.86,15549.16,964.7,-241.0
2026-09-30 13:26,16238.3,15514.6,964.7,-241.0
2026-09-30 13:27,16261.95,15538.25,964.7,-241.0
2026-09-30 13:28,16268.92,15545.22,964.7,-241.0
2026-09-30 13:29,16278.8,15555.1,964.7,-241.0
2026-09-30 13:30,16282.9,15559.2,964.7,-241.0
2026-09-30 13:31,16291.18,15567.48,964.7,-241.0
2026-09-30 13:32,16293.2,15569.5,964.7,-241.0
2026-09-30 13:33,16293.46,15569.76,964.7,-241.0
2026-09-30 13:34,16297.82,15574.12,964.7,-241.0
2026-09-30 13:35,16299.36,15575.66,964.7,-241.0
2026-09-30 13:36,16293.94,15570.24,964.7,-241.0
2026-09-30 13:37,16288.48,15564.78,964.7,-241.0
2026-09-30 13:38,16297.42,15573.72,964.7,-241.0
2026-09-30 13:39,16304.57,15580.87,964.7,-241.0
2026-09-30 13:40,16310.08,15586.38,964.7,-241.0
2026-09-30 13:41,16318.55,15594.85,964.7,-241.0
2026-09-30 13:42,16318.75,15595.05,964.7,-241.0
2026-09-30 13:43,16309.8,15586.1,964.7,-241.0
2026-09-30 13:44,16308.78,15585.08,964.7,-241.0
2026-09-30 13:45,16299.4,15575.7,964.7,-241.0
2026-09-30 13:46,16301.13,15577.43,964.7,-241.0
2026-09-30 13:47,16308.9,15585.2,964.7,-241.0
2026-09-30 13:48,16322.37,15598.67,964.7,-241.0
2026-09-30 13:49,16331.9,15608.2,964.7,-241.0
2026-09-30 13:50,16333.06,15609.36,964.7,-241.0
2026-09-30 13:51,16331.94,15608.24,964.7,-241.0
2026-09-30 13:52,16323.94,15600.24,964.7,-241.0
2026-09-30 13:53,16321.24,15597.54,964.7,-241.0
2026-09-30 13:54,16325.25,15601.55,964.7,-241.0
2026-09-30 13:55,16316.33,15592.63,964.7,-241.0
2026-09-30 13:56,16320.86,15597.16,964.7,-241.0
2026-09-30 13:57,16322.75,15599.05,964.7,-241.0
2026-09-30 13:58,16324.9,15601.2,964.7,-241.0
2026-09-30 13:59,16326.92,15603.22,964.7,-241.0
2026-09-30 14:00,16306.41,15582.71,964.7,-241.0
2026-09-30 14:01,16295.85,15572.15,964.7,-241.0
2026-09-30 14:02,16299.1,15575.4,964.7,-241.0
2026-09-30 14:03,16300.44,15576.74,964.7,-241.0
2026-09-30 14:04,16300.2,15576.5,964.7,-241.0
2026-09-30 14:05,16299.29,15575.59,964.7,-241.0
2026-09-30 14:06,16282.1,15558.4,964.7,-241.0
2026-09-30 14:07,16276.85,15553.15,964.7,-241.0
2026-09-30 14:08,16290.28,15566.58,964.7,-241.0
2026-09-30 14:09,16286.04,15562.34,964.7,-241.0
2026-09-30 14:10,16292.94,15569.24,964.7,-241.0
2026-09-30 14:11,16304.21,15580.51,964.7,-241.0
2026-09-30 14:12,16310.3,15586.6,964.7,-241.0
2026-09-30 14:13,16296.92,15573.22,964.7,-241.0
2026-09-30 14:14,16299.06,15575.36,964.7,-241.0
2026-09-30 14:15,16297.66,15573.96,964.7,-241.0
2026-09-30 14:16,16297.12,15573.42,964.7,-241.0
2026-09-30 14:17,16294.9,15571.2,964.7,-241.0
2026-09-30 14:18,16288.76,15565.06,964.7,-241.0
2026-09-30 14:19,16280.12,15556.42,964.7,-241.0
2026-09-30 14:20,16272.45,15548.75,964.7,-241.0
2026-09-30 14:21,16270.56,15546.86,964.7,-241.0
2026-09-30 14:22,16266.58,15542.88,964.7,-241.0
2026-09-30 14:23,16263.84,15540.14,964.7,-241.0
2026-09-30 14:24,16263.6,15539.9,964.7,-241.0
2026-09-30 14:25,16248.8,15525.1,964.7,-241.0
2026-09-30 14:26,16254.76,15531.06,964.7,-241.0
2026-09-30 14:27,16257.48,15533.78,964.7,-241.0
2026-09-30 14:28,16262.49,15538.79,964.7,-241.0
2026-09-30 14:29,16266.36,15542.66,964.7,-241.0
2026-09-30 14:30,16263.42,15539.72,964.7,-241.0
2026-09-30 14:31,16252.97,15529.27,964.7,-241.0
2026-09-30 14:32,16242.61,15518.91,964.7,-241.0
2026-09-30 14:33,16236.41,15512.71,964.7,-241.0
2026-09-30 14:34,16231.68,15507.98,964.7,-241.0
2026-09-30 14:35,16234.74,15511.04,964.7,-241.0
2026-09-30 14:36,16241.92,15518.22,964.7,-241.0
2026-09-30 14:37,16251.38,15527.68,964.7,-241.0
2026-09-30 14:38,16253.72,15530.02,964.7,-241.0
2026-09-30 14:39,16268.85,15545.15,964.7,-241.0
2026-09-30 14:40,16264.0,15540.3,964.7,-241.0
2026-09-30 14:41,16267.64,15543.94,964.7,-241.0
2026-09-30 14:42,16267.98,15544.28,964.7,-241.0
2026-09-30 14:43,16272.6,15548.9,964.7,-241.0
2026-09-30 14:44,16270.28,15546.58,964.7,-241.0
2026-09-30 14:45,16257.15,15533.45,964.7,-241.0
2026-09-30 14:46,16261.83,15538.13,964.7,-241.0
2026-09-30 14:47,16255.34,15531.64,964.7,-241.0
2026-09-30 14:48,16247.32,15523.62,964.7,-241.0
2026-09-30 14:49,16235.69,15511.99,964.7,-241.0
2026-09-30 14:50,16243.02,15519.32,964.7,-241.0
2026-09-30 14:51,16234.33,15510.63,964.7,-241.0
2026-09-30 14:52,16234.24,15510.54,964.7,-241.0
2026-09-30 14:53,16226.05,15502.35,964.7,-241.0
2026-09-30 14:54,16234.62,15510.92,964.7,-241.0
2026-09-30 14:55,16237.78,15514.08,964.7,-241.0
2026-09-30 14:56,16238.18,15514.48,964.7,-241.0
2026-09-30 14:57,16244.06,15520.36,964.7,-241.0
2026-09-30 14:58,16254.73,15531.03,964.7,-241.0
2026-09-30 14:59,16252.02,15528.32,964.7,-241.0
2026-09-30 15:00,16250.82,15527.12,964.7,-241.0
2026-09-30 15:01,16266.14,15542.44,964.7,-241.0
2026-09-30 15:02,16263.57,15539.87,964.7,-241.0
2026-09-30 15:03,16264.3,15540.6,964.7,-241.0
2026-09-30 15:04,16263.9,15540.2,964.7,-241.0
2026-09-30 15:05,16265.52,15541.82,964.7,-241.0
2026-09-30 15:06,16264.6,15540.9,964.7,-241.0
2026-09-30 15:07,16259.69,15535.99,964.7,-241.0
2026-09-30 15:08,16260.61,15536.91,964.7,-241.0
2026-09-30 15:09,16272.24,15548.54,964.7,-241.0
2026-09-30 15:10,16261.66,15537.96,964.7,-241.0
2026-09-30 15:11,16261.76,15538.06,964.7,-241.0
2026-09-30 15:12,16257.52,15533.82,964.7,-241.0
2026-09-30 15:13,16258.58,15534.88,964.7,-241.0
2026-09-30 15:14,16272.32,15548.62,964.7,-241.0
2026-09-30 15:15,16260.12,15536.42,964.7,-241.0
2026-09-30 15:16,16255.01,15531.31,964.7,-241.0
2026-09-30 15:17,16253.84,15530.14,964.7,-241.0
2026-09-30 15:18,16258.36,15534.66,964.7,-241.0
2026-09-30 15:19,16262.83,15539.13,964.7,-241.0
2026-09-30 15:20,16261.0,15537.3,964.7,-241.0
2026-09-30 15:21,16255.2,15531.5,964.7,-241.0
2026-09-30 15:22,16253.72,15530.02,964.7,-241.0
2026-09-30 15:23,16238.66,15514.96,964.7,-241.0
2026-09-30 15:24,16248.0,15524.3,964.7,-241.0
2026-09-30 15:25,16243.52,15519.82,964.7,-241.0
2026-09-30 15:26,16244.18,15520.48,964.7,-241.0
2026-09-30 15:27,16243.7,15520.0,964.7,-241.0
2026-09-30 15:28,16241.6,15517.9,964.7,-241.0
2026-09-30 15:29,16242.64,15518.94,964.7,-241.0
2026-09-30 15:30,16248.14,15524.44,964.7,-241.0
2026-09-30 15:31,16240.26,15516.56,964.7,-241.0
2026-09-30 15:32,16233.45,15509.75,964.7,-241.0
2026-09-30 15:33,16231.98,15508.28,964.7,-241.0
2026-09-30 15:34,16237.18,15513.48,964.7,-241.0
2026-09-30 15:35,16247.74,15524.04,964.7,-241.0
2026-09-30 15:36,16235.08,15511.38,964.7,-241.0
2026-09-30 15:37,16213.49,15489.79,964.7,-241.0
2026-09-30 15:38,16211.74,15488.04,964.7,-241.0
2026-09-30 15:39,16225.08,15501.38,964.7,-241.0
2026-09-30 15:40,16225.86,15502.16,964.7,-241.0
2026-09-30 15:41,16210.94,15487.24,964.7,-241.0
2026-09-30 15:42,16200.7,15477.0,964.7,-241.0
2026-09-30 15:43,16209.22,15485.52,964.7,-241.0
2026-09-30 15:44,16210.3,15486.6,964.7,-241.0
2026-09-30 15:45,16206.5,15482.8,964.7,-241.0
2026-09-30 15:46,16201.86,15478.16,964.7,-241.0
2026-09-30 15:47,16194.14,15470.44,964.7,-241.0
2026-09-30 15:48,16203.06,15479.36,964.7,-241.0
2026-09-30 15:49,16188.12,15464.42,964.7,-241.0
2026-09-30 15:50,16141.52,15417.82,964.7,-241.0
2026-09-30 15:51,16140.84,15417.14,964.7,-241.0
2026-09-30 15:52,16148.78,15425.08,964.7,-241.0
2026-09-30 15:53,16150.46,15426.76,964.7,-241.0
2026-09-30 15:54,16095.7,15372.0,964.7,-241.0
2026-09-30 15:55,16096.5,15372.8,964.7,-241.0
2026-09-30 15:56,16099.94,15376.24,964.7,-241.0
2026-09-30 15:57,16100.4,15376.7,964.7,-241.0
2026-09-30 15:58,16091.82,15368.12,964.7,-241.0
2026-09-30 15:59,16017.46,15293.76,964.7,-241.0
2026-10-01 09:30,16100.15,15376.45,964.7,-241.0
2026-10-01 09:31,16068.26,15344.56,964.7,-241.0
2026-10-01 09:32,16121.84,15398.14,964.7,-241.0
2026-10-01 09:33,16157.88,15434.18,964.7,-241.0
2026-10-01 09:34,16147.98,15424.28,964.7,-241.0
2026-10-01 09:35,16138.82,15415.12,964.7,-241.0
2026-10-01 09:36,16143.05,15419.35,964.7,-241.0
2026-10-01 09:37,16169.32,15445.62,964.7,-241.0
2026-10-01 09:38,16166.91,15443.21,964.7,-241.0
2026-10-01 09:39,16142.82,15419.12,964.7,-241.0
2026-10-01 09:40,16115.46,15391.76,964.7,-241.0
2026-10-01 09:41,16092.46,15368.76,964.7,-241.0
2026-10-01 09:42,16082.46,15358.76,964.7,-241.0
2026-10-01 09:43,16067.39,15343.69,964.7,-241.0
2026-10-01 09:44,16073.08,15349.38,964.7,-241.0
2026-10-01 09:45,16074.6,15350.9,964.7,-241.0
2026-10-01 09:46,16081.86,15358.16,964.7,-241.0
2026-10-01 09:47,16052.5,15328.8,964.7,-241.0
2026-10-01 09:48,16058.38,15334.68,964.7,-241.0
2026-10-01 09:49,16025.13,15301.43,964.7,-241.0
2026-10-01 09:50,16055.4,15331.7,964.7,-241.0
2026-10-01 09:51,16045.84,15322.14,964.7,-241.0
2026-10-01 09:52,16101.34,15377.64,964.7,-241.0
2026-10-01 09:53,16099.74,15376.04,964.7,-241.0
2026-10-01 09:54,16095.7,15372.0,964.7,-241.0
2026-10-01 09:55,16065.46,15341.76,964.7,-241.0
2026-10-01 09:56,16040.88,15317.18,964.7,-241.0
2026-10-01 09:57,16041.92,15318.22,964.7,-241.0
2026-10-01 09:58,16034.22,15310.52,964.7,-241.0
2026-10-01 09:59,16030.02,15306.32,964.7,-241.0
2026-10-01 10:00,15946.3,15222.6,964.7,-241.0
2026-10-01 10:01,15901.38,15177.68,964.7,-241.0
2026-10-01 10:02,15888.92,15165.22,964.7,-241.0
2026-10-01 10:03,15884.7,15161.0,964.7,-241.0
2026-10-01 10:04,15877.97,15154.27,964.7,-241.0
2026-10-01 10:05,15870.86,15147.16,964.7,-241.0
2026-10-01 10:06,15869.62,15145.92,964.7,-241.0
2026-10-01 10:07,15882.58,15158.88,964.7,-241.0
2026-10-01 10:08,15934.86,15211.16,964.7,-241.0
2026-10-01 10:09,15965.72,15242.02,964.7,-241.0
2026-10-01 10:10,15947.86,15224.16,964.7,-241.0
2026-10-01 10:11,15924.1,15200.4,964.7,-241.0
2026-10-01 10:12,15918.84,15195.14,964.7,-241.0
2026-10-01 10:13,15912.44,15188.74,964.7,-241.0
2026-10-01 10:14,15900.18,15176.48,964.7,-241.0
2026-10-01 10:15,15923.92,15200.22,964.7,-241.0
2026-10-01 10:16,15927.3,15203.6,964.7,-241.0
2026-10-01 10:17,15938.86,15215.16,964.7,-241.0
2026-10-01 10:18,15913.78,15190.08,964.7,-241.0
2026-10-01 10:19,15908.82,15185.12,964.7,-241.0
2026-10-01 10:20,15921.62,15197.92,964.7,-241.0
2026-10-01 10:21,15897.54,15173.84,964.7,-241.0
2026-10-01 10:22,15876.98,15153.28,964.7,-241.0
2026-10-01 10:23,15895.2,15171.5,964.7,-241.0
2026-10-01 10:24,15894.38,15170.68,964.7,-241.0
2026-10-01 10:25,15903.32,15179.62,964.7,-241.0
2026-10-01 10:26,15931.5,15207.8,964.7,-241.0
2026-10-01 10:27,15919.24,15195.54,964.7,-241.0
2026-10-01 10:28,15882.98,15159.28,964.7,-241.0
2026-10-01 10:29,15909.74,15186.04,964.7,-241.0
2026-10-01 10:30,15929.32,15205.62,964.7,-241.0
2026-10-01 10:31,15905.82,15182.12,964.7,-241.0
2026-10-01 10:32,15928.54,15204.84,964.7,-241.0
2026-10-01 10:33,15938.17,15214.47,964.7,-241.0
2026-10-01 10:34,15953.92,15230.22,964.7,-241.0
2026-10-01 10:35,15952.18,15228.48,964.7,-241.0
2026-10-01 10:36,15982.0,15258.3,964.7,-241.0
2026-10-01 10:37,15970.82,15247.12,964.7,-241.0
2026-10-01 10:38,15984.28,15260.58,964.7,-241.0
2026-10-01 10:39,15995.34,15271.64,964.7,-241.0
2026-10-01 10:40,15986.54,15262.84,964.7,-241.0
2026-10-01 10:41,15959.74,15236.04,964.7,-241.0
2026-10-01 10:42,15971.98,15248.28,964.7,-241.0
2026-10-01 10:43,15971.32,15247.62,964.7,-241.0
2026-10-01 10:44,15961.06,15237.36,964.7,-241.0
2026-10-01 10:45,15976.74,15253.04,964.7,-241.0
2026-10-01 10:46,15959.0,15235.3,964.7,-241.0
2026-10-01 10:47,15936.3,15212.6,964.7,-241.0
2026-10-01 10:48,15936.62,15212.92,964.7,-241.0
2026-10-01 10:49,15951.0,15227.3,964.7,-241.0
2026-10-01 10:50,15938.34,15214.64,964.7,-241.0
2026-10-01 10:51,15924.12,15200.42,964.7,-241.0
2026-10-01 10:52,15891.16,15167.46,964.7,-241.0
2026-10-01 10:53,15896.66,15172.96,964.7,-241.0
2026-10-01 10:54,15904.82,15181.12,964.7,-241.0
2026-10-01 10:55,15909.69,15185.99,964.7,-241.0
2026-10-01 10:56,15900.22,15176.52,964.7,-241.0
2026-10-01 10:57,15908.06,15184.36,964.7,-241.0
2026-10-01 10:58,15892.9,15169.2,964.7,-241.0
2026-10-01 10:59,15904.56,15180.86,964.7,-241.0
2026-10-01 11:00,15888.2,15164.5,964.7,-241.0
2026-10-01 11:01,15858.52,15134.82,964.7,-241.0
2026-10-01 11:02,15853.34,15129.64,964.7,-241.0
2026-10-01 11:03,15850.42,15126.72,964.7,-241.0
2026-10-01 11:04,15848.66,15124.96,964.7,-241.0
2026-10-01 11:05,15847.26,15123.56,964.7,-241.0
2026-10-01 11:06,15853.58,15129.88,964.7,-241.0
2026-10-01 11:07,15840.86,15117.16,964.7,-241.0
2026-10-01 11:08,15829.5,15105.8,964.7,-241.0
2026-10-01 11:09,15838.78,15115.08,964.7,-241.0
2026-10-01 11:10,15820.8,15097.1,964.7,-241.0
2026-10-01 11:11,15849.27,15125.57,964.7,-241.0
2026-10-01 11:12,15841.98,15118.28,964.7,-241.0
2026-10-01 11:13,15857.74,15134.04,964.7,-241.0
2026-10-01 11:14,15894.21,15170.51,964.7,-241.0
2026-10-01 11:15,15896.34,15172.64,964.7,-241.0
2026-10-01 11:16,15909.66,15185.96,964.7,-241.0
2026-10-01 11:17,15913.42,15189.72,964.7,-241.0
2026-10-01 11:18,15914.5,15190.8,964.7,-241.0
2026-10-01 11:19,15924.52,15200.82,964.7,-241.0
2026-10-01 11:20,15911.24,15187.54,964.7,-241.0
2026-10-01 11:21,15925.46,15201.76,964.7,-241.0
2026-10-01 11:22,15916.62,15192.92,964.7,-241.0
2026-10-01 11:23,15918.52,15194.82,964.7,-241.0
2026-10-01 11:24,15917.9,15194.2,964.7,-241.0
2026-10-01 11:25,15929.78,15206.08,964.7,-241.0
2026-10-01 11:26,15934.82,15211.12,964.7,-241.0
2026-10-01 11:27,15935.86,15212.16,964.7,-241.0
2026-10-01 11:28,15935.92,15212.22,964.7,-241.0
2026-10-01 11:29,15905.59,15181.89,964.7,-241.0
2026-10-01 11:30,15887.93,15164.23,964.7,-241.0
2026-10-01 11:31,15893.82,15170.12,964.7,-241.0
2026-10-01 11:32,15870.42,15146.72,964.7,-241.0
2026-10-01 11:33,15870.32,15146.62,964.7,-241.0
2026-10-01 11:34,15845.08,15121.38,964.7,-241.0
2026-10-01 11:35,15827.22,15103.52,964.7,-241.0
2026-10-01 11:36,15854.86,15131.16,964.7,-241.0
2026-10-01 11:37,15866.87,15143.17,964.7,-241.0
2026-10-01 11:38,15889.15,15165.45,964.7,-241.0
2026-10-01 11:39,15902.66,15178.96,964.7,-241.0
2026-10-01 11:40,15898.09,15174.39,964.7,-241.0
2026-10-01 11:41,15883.97,15160.27,964.7,-241.0
2026-10-01 11:42,15869.26,15145.56,964.7,-241.0
2026-10-01 11:43,15843.62,15119.92,964.7,-241.0
2026-10-01 11:44,15842.26,15118.56,964.7,-241.0
2026-10-01 11:45,15857.54,15133.84,964.7,-241.0
2026-10-01 11:46,15857.46,15133.76,964.7,-241.0
2026-10-01 11:47,15879.01,15155.31,964.7,-241.0
2026-10-01 11:48,15869.39,15145.69,964.7,-241.0
2026-10-01 11:49,15877.1,15153.4,964.7,-241.0
2026-10-01 11:50,15859.38,15135.68,964.7,-241.0
2026-10-01 11:51,15842.15,15118.45,964.7,-241.0
2026-10-01 11:52,15847.14,15123.44,964.7,-241.0
2026-10-01 11:53,15828.96,15105.26,964.7,-241.0
2026-10-01 11:54,15858.42,15134.72,964.7,-241.0
2026-10-01 11:55,15871.42,15147.72,964.7,-241.0
2026-10-01 11:56,15898.58,15174.88,964.7,-241.0
2026-10-01 11:57,15908.29,15184.59,964.7,-241.0
2026-10-01 11:58,15892.28,15168.58,964.7,-241.0
2026-10-01 11:59,15893.32,15169.62,964.7,-241.0
2026-10-01 12:00,15917.7,15194.0,964.7,-241.0
2026-10-01 12:01,15913.78,15190.08,964.7,-241.0
2026-10-01 12:02,15935.18,15211.48,964.7,-241.0
2026-10-01 12:03,15930.66,15206.96,964.7,-241.0
2026-10-01 12:04,15932.42,15208.72,964.7,-241.0
2026-10-01 12:05,15908.5,15184.8,964.7,-241.0
2026-10-01 12:06,15937.76,15214.06,964.7,-241.0
2026-10-01 12:07,15928.64,15204.94,964.7,-241.0
2026-10-01 12:08,15934.5,15210.8,964.7,-241.0
2026-10-01 12:09,15916.93,15193.23,964.7,-241.0
2026-10-01 12:10,15933.56,15209.86,964.7,-241.0
2026-10-01 12:11,15927.9,15204.2,964.7,-241.0
2026-10-01 12:12,15901.69,15177.99,964.7,-241.0
2026-10-01 12:13,15904.24,15180.54,964.7,-241.0
2026-10-01 12:14,15900.22,15176.52,964.7,-241.0
2026-10-01 12:15,15893.1,15169.4,964.7,-241.0
2026-10-01 12:16,15924.52,15200.82,964.7,-241.0
2026-10-01 12:17,15953.19,15229.49,964.7,-241.0
2026-10-01 12:18,15947.02,15223.32,964.7,-241.0
2026-10-01 12:19,15928.42,15204.72,964.7,-241.0
2026-10-01 12:20,15928.42,15204.72,964.7,-241.0
2026-10-01 12:21,15934.36,15210.66,964.7,-241.0
2026-10-01 12:22,15942.7,15219.0,964.7,-241.0
2026-10-01 12:23,15940.06,15216.36,964.7,-241.0
2026-10-01 12:24,15966.61,15242.91,964.7,-241.0
2026-10-01 12:25,15960.46,15236.76,964.7,-241.0
2026-10-01 12:26,15959.79,15236.09,964.7,-241.0
2026-10-01 12:27,15961.34,15237.64,964.7,-241.0
2026-10-01 12:28,15957.1,15233.4,964.7,-241.0
2026-10-01 12:29,15943.88,15220.18,964.7,-241.0
2026-10-01 12:30,15967.77,15244.07,964.7,-241.0
2026-10-01 12:31,15981.47,15257.77,964.7,-241.0
2026-10-01 12:32,16002.92,15279.22,964.7,-241.0
2026-10-01 12:33,16003.1,15279.4,964.7,-241.0
2026-10-01 12:34,15995.2,15271.5,964.7,-241.0
2026-10-01 12:35,16003.52,15279.82,964.7,-241.0
2026-10-01 12:36,16006.3,15282.6,964.7,-241.0
2026-10-01 12:37,15993.38,15269.68,964.7,-241.0
2026-10-01 12:38,15965.7,15242.0,964.7,-241.0
2026-10-01 12:39,15971.46,15247.76,964.7,-241.0
2026-10-01 12:40,15978.26,15254.56,964.7,-241.0
2026-10-01 12:41,15960.71,15237.01,964.7,-241.0
2026-10-01 12:42,15975.42,15251.72,964.7,-241.0
2026-10-01 12:43,15989.86,15266.16,964.7,-241.0
2026-10-01 12:44,15976.96,15253.26,964.7,-241.0
2026-10-01 12:45,15991.09,15267.39,964.7,-241.0
2026-10-01 12:46,15980.52,15256.82,964.7,-241.0
2026-10-01 12:47,15978.74,15255.04,964.7,-241.0
2026-10-01 12:48,15978.34,15254.64,964.7,-241.0
2026-10-01 12:49,15974.89,15251.19,964.7,-241.0
2026-10-01 12:50,15963.6,15239.9,964.7,-241.0
2026-10-01 12:51,15939.46,15215.76,964.7,-241.0
2026-10-01 12:52,15942.61,15218.91,964.7,-241.0
2026-10-01 12:53,15941.11,15217.41,964.7,-241.0
2026-10-01 12:54,15919.58,15195.88,964.7,-241.0
2026-10-01 12:55,15914.04,15190.34,964.7,-241.0
2026-10-01 12:56,15892.21,15168.51,964.7,-241.0
2026-10-01 12:57,15900.26,15176.56,964.7,-241.0
2026-10-01 12:58,15906.46,15182.76,964.7,-241.0
2026-10-01 12:59,15917.04,15193.34,964.7,-241.0
2026-10-01 13:00,15914.86,15191.16,964.7,-241.0
2026-10-01 13:01,15920.9,15197.2,964.7,-241.0
2026-10-01 13:02,15964.22,15240.52,964.7,-241.0
2026-10-01 13:03,15948.04,15224.34,964.7,-241.0
2026-10-01 13:04,15970.92,15247.22,964.7,-241.0
2026-10-01 13:05,15972.77,15249.07,964.7,-241.0
2026-10-01 13:06,15972.26,15248.56,964.7,-241.0
2026-10-01 13:07,15970.24,15246.54,964.7,-241.0
2026-10-01 13:08,15968.46,15244.76,964.7,-241.0
2026-10-01 13:09,15962.26,15238.56,964.7,-241.0
2026-10-01 13:10,15967.14,15243.44,964.7,-241.0
2026-10-01 13:11,15977.6,15253.9,964.7,-241.0
2026-10-01 13:12,15973.84,15250.14,964.7,-241.0
2026-10-01 13:13,15979.48,15255.78,964.7,-241.0
2026-10-01 13:14,15984.38,15260.68,964.7,-241.0
2026-10-01 13:15,15971.26,15247.56,964.7,-241.0
2026-10-01 13:16,15984.84,15261.14,964.7,-241.0
2026-10-01 13:17,15993.0,15269.3,964.7,-241.0
2026-10-01 13:18,15990.46,15266.76,964.7,-241.0
2026-10-01 13:19,16021.66,15297.96,964.7,-241.0
2026-10-01 13:20,16038.0,15314.3,964.7,-241.0
2026-10-01 13:21,16030.05,15306.35,964.7,-241.0
2026-10-01 13:22,16058.22,15334.52,964.7,-241.0
2026-10-01 13:23,16060.34,15336.64,964.7,-241.0
2026-10-01 13:24,16081.54,15357.84,964.7,-241.0
2026-10-01 13:25,16091.92,15368.22,964.7,-241.0
2026-10-01 13:26,16084.74,15361.04,964.7,-241.0
2026-10-01 13:27,16083.3,15359.6,964.7,-241.0
2026-10-01 13:28,16082.18,15358.48,964.7,-241.0
2026-10-01 13:29,16085.98,15362.28,964.7,-241.0
2026-10-01 13:30,16148.66,15424.96,964.7,-241.0
2026-10-01 13:31,16130.52,15406.82,964.7,-241.0
2026-10-01 13:32,16121.93,15398.23,964.7,-241.0
2026-10-01 13:33,16129.18,15405.48,964.7,-241.0
2026-10-01 13:34,16135.14,15411.44,964.7,-241.0
2026-10-01 13:35,16118.04,15394.34,964.7,-241.0
2026-10-01 13:36,16127.2,15403.5,964.7,-241.0
2026-10-01 13:37,16122.38,15398.68,964.7,-241.0
2026-10-01 13:38,16112.5,15388.8,964.7,-241.0
2026-10-01 13:39,16118.02,15394.32,964.7,-241.0
2026-10-01 13:40,16115.96,15392.26,964.7,-241.0
2026-10-01 13:41,16120.88,15397.18,964.7,-241.0
2026-10-01 13:42,16144.66,15420.96,964.7,-241.0
2026-10-01 13:43,16142.88,15419.18,964.7,-241.0
2026-10-01 13:44,16146.88,15423.18,964.7,-241.0
2026-10-01 13:45,16164.67,15440.97,964.7,-241.0
2026-10-01 13:46,16172.02,15448.32,964.7,-241.0
2026-10-01 13:47,16154.26,15430.56,964.7,-241.0
2026-10-01 13:48,16140.7,15417.0,964.7,-241.0
2026-10-01 13:49,16128.39,15404.69,964.7,-241.0
2026-10-01 13:50,16122.96,15399.26,964.7,-241.0
2026-10-01 13:51,16128.32,15404.62,964.7,-241.0
2026-10-01 13:52,16138.82,15415.12,964.7,-241.0
2026-10-01 13:53,16134.54,15410.84,964.7,-241.0
2026-10-01 13:54,16089.88,15366.18,964.7,-241.0
2026-10-01 13:55,16092.16,15368.46,964.7,-241.0
2026-10-01 13:56,16079.15,15355.45,964.7,-241.0
2026-10-01 13:57,16059.71,15336.01,964.7,-241.0
2026-10-01 13:58,16074.8,15351.1,964.7,-241.0
2026-10-01 13:59,16075.05,15351.35,964.7,-241.0
2026-10-01 14:00,16050.22,15326.52,964.7,-241.0
2026-10-01 14:01,16056.08,15332.38,964.7,-241.0
2026-10-01 14:02,16073.5,15349.8,964.7,-241.0
2026-10-01 14:03,16076.94,15353.24,964.7,-241.0
2026-10-01 14:04,16041.28,15317.58,964.7,-241.0
2026-10-01 14:05,16021.86,15298.16,964.7,-241.0
2026-10-01 14:06,16003.69,15279.99,964.7,-241.0
2026-10-01 14:07,16004.21,15280.51,964.7,-241.0
2026-10-01 14:08,16014.03,15290.33,964.7,-241.0
2026-10-01 14:09,16021.14,15297.44,964.7,-241.0
2026-10-01 14:10,16016.18,15292.48,964.7,-241.0
2026-10-01 14:11,16025.38,15301.68,964.7,-241.0
2026-10-01 14:12,16047.42,15323.72,964.7,-241.0
2026-10-01 14:13,16056.16,15332.46,964.7,-241.0
2026-10-01 14:14,16055.74,15332.04,964.7,-241.0
2026-10-01 14:15,16066.08,15342.38,964.7,-241.0
2026-10-01 14:16,16065.94,15342.24,964.7,-241.0
2026-10-01 14:17,16065.12,15341.42,964.7,-241.0
2026-10-01 14:18,16084.46,15360.76,964.7,-241.0
2026-10-01 14:19,16075.56,15351.86,964.7,-241.0
2026-10-01 14:20,16058.82,15335.12,964.7,-241.0
2026-10-01 14:21,16062.3,15338.6,964.7,-241.0
2026-10-01 14:22,16036.05,15312.35,964.7,-241.0
2026-10-01 14:23,16101.62,15377.92,964.7,-241.0
2026-10-01 14:24,16098.27,15374.57,964.7,-241.0
2026-10-01 14:25,16097.62,15373.92,964.7,-241.0
2026-10-01 14:26,16094.32,15370.62,964.7,-241.0
2026-10-01 14:27,16089.62,15365.92,964.7,-241.0
2026-10-01 14:28,16093.3,15369.6,964.7,-241.0
2026-10-01 14:29,16105.62,15381.92,964.7,-241.0
2026-10-01 14:30,16086.6,15362.9,964.7,-241.0
2026-10-01 14:31,16093.1,15369.4,964.7,-241.0
2026-10-01 14:32,16111.28,15387.58,964.7,-241.0
2026-10-01 14:33,16121.22,15397.52,964.7,-241.0
2026-10-01 14:34,16159.18,15435.48,964.7,-241.0
2026-10-01 14:35,16159.3,15435.6,964.7,-241.0
2026-10-01 14:36,16141.34,15417.64,964.7,-241.0
2026-10-01 14:37,16128.8,15405.1,964.7,-241.0
2026-10-01 14:38,16118.28,15394.58,964.7,-241.0
2026-10-01 14:39,16120.65,15396.95,964.7,-241.0
2026-10-01 14:40,16119.37,15395.67,964.7,-241.0
2026-10-01 14:41,16122.34,15398.64,964.7,-241.0
2026-10-01 14:42,16115.34,15391.64,964.7,-241.0
2026-10-01 14:43,16105.32,15381.62,964.7,-241.0
2026-10-01 14:44,16110.58,15386.88,964.7,-241.0
2026-10-01 14:45,16106.92,15383.22,964.7,-241.0
2026-10-01 14:46,16102.9,15379.2,964.7,-241.0
2026-10-01 14:47,16114.86,15391.16,964.7,-241.0
2026-10-01 14:48,16116.68,15392.98,964.7,-241.0
2026-10-01 14:49,16111.78,15388.08,964.7,-241.0
2026-10-01 14:50,16112.58,15388.88,964.7,-241.0
2026-10-01 14:51,16105.53,15381.83,964.7,-241.0
2026-10-01 14:52,16106.25,15382.55,964.7,-241.0
2026-10-01 14:53,16131.6,15407.9,964.7,-241.0
2026-10-01 14:54,16173.82,15409.12,964.7,-200.0
2026-10-01 14:55,16171.06,15406.36,964.7,-200.0
2026-10-01 14:56,16173.0,15408.3,964.7,-200.0
2026-10-01 14:57,16167.82,15403.12,964.7,-200.0
2026-10-01 14:58,16171.52,15406.82,964.7,-200.0
2026-10-01 14:59,16180.6,15415.9,964.7,-200.0
2026-10-01 15:00,16171.18,15406.48,964.7,-200.0
2026-10-01 15:01,16161.32,15396.62,964.7,-200.0
2026-10-01 15:02,16154.14,15389.44,964.7,-200.0
2026-10-01 15:03,16150.14,15385.44,964.7,-200.0
2026-10-01 15:04,16160.38,15395.68,964.7,-200.0
2026-10-01 15:05,16161.28,15396.58,964.7,-200.0
2026-10-01 15:06,16155.44,15390.74,964.7,-200.0
2026-10-01 15:07,16152.32,15387.62,964.7,-200.0
2026-10-01 15:08,16152.7,15388.0,964.7,-200.0
2026-10-01 15:09,16168.6,15403.9,964.7,-200.0
2026-10-01 15:10,16178.26,15413.56,964.7,-200.0
2026-10-01 15:11,16166.12,15401.42,964.7,-200.0
2026-10-01 15:12,16165.86,15401.16,964.7,-200.0
2026-10-01 15:13,16166.56,15401.86,964.7,-200.0
2026-10-01 15:14,16169.76,15405.06,964.7,-200.0
2026-10-01 15:15,16169.54,15404.84,964.7,-200.0
2026-10-01 15:16,16167.62,15402.92,964.7,-200.0
2026-10-01 15:17,16156.06,15391.36,964.7,-200.0
2026-10-01 15:18,16168.58,15403.88,964.7,-200.0
2026-10-01 15:19,16172.54,15407.84,964.7,-200.0
2026-10-01 15:20,16169.74,15405.04,964.7,-200.0
2026-10-01 15:21,16174.42,15409.72,964.7,-200.0
2026-10-01 15:22,16166.61,15401.91,964.7,-200.0
2026-10-01 15:23,16162.91,15398.21,964.7,-200.0
2026-10-01 15:24,16161.76,15397.06,964.7,-200.0
2026-10-01 15:25,16159.2,15394.5,964.7,-200.0
2026-10-01 15:26,16158.92,15394.22,964.7,-200.0
2026-10-01 15:27,16153.0,15388.3,964.7,-200.0
2026-10-01 15:28,16164.1,15399.4,964.7,-200.0
2026-10-01 15:29,16167.23,15402.53,964.7,-200.0
2026-10-01 15:30,16171.46,15406.76,964.7,-200.0
2026-10-01 15:31,16176.5,15411.8,964.7,-200.0
2026-10-01 15:32,16168.26,15403.56,964.7,-200.0
2026-10-01 15:33,16168.86,15404.16,964.7,-200.0
2026-10-01 15:34,16159.3,15394.6,964.7,-200.0
2026-10-01 15:35,16153.1,15388.4,964.7,-200.0
2026-10-01 15:36,16151.42,15386.72,964.7,-200.0
2026-10-01 15:37,16154.02,15389.32,964.7,-200.0
2026-10-01 15:38,16171.24,15406.54,964.7,-200.0
2026-10-01 15:39,16173.7,15409.0,964.7,-200.0
2026-10-01 15:40,16180.9,15416.2,964.7,-200.0
2026-10-01 15:41,16187.24,15422.54,964.7,-200.0
2026-10-01 15:42,16169.71,15405.01,964.7,-200.0
2026-10-01 15:43,16179.46,15414.76,964.7,-200.0
2026-10-01 15:44,16171.96,15407.26,964.7,-200.0
2026-10-01 15:45,16183.18,15418.48,964.7,-200.0
2026-10-01 15:46,16191.16,15426.46,964.7,-200.0
2026-10-01 15:47,16180.91,15416.21,964.7,-200.0
2026-10-01 15:48,16178.34,15413.64,964.7,-200.0
2026-10-01 15:49,16183.7,15419.0,964.7,-200.0
2026-10-01 15:50,16207.62,15442.92,964.7,-200.0
2026-10-01 15:51,16213.18,15448.48,964.7,-200.0
2026-10-01 15:52,16206.41,15441.71,964.7,-200.0
2026-10-01 15:53,16188.04,15423.34,964.7,-200.0
2026-10-01 15:54,16166.06,15401.36,964.7,-200.0
2026-10-01 15:55,16140.18,15375.48,964.7,-200.0
2026-10-01 15:56,16140.96,15376.26,964.7,-200.0
2026-10-01 15:57,16132.1,15367.4,964.7,-200.0
2026-10-01 15:58,16117.2,15352.5,964.7,-200.0
2026-10-01 15:59,16132.6,15367.9,964.7,-200.0
2026-10-02 09:30,16485.1,15720.4,964.7,-200.0
2026-10-02 09:31,16455.42,15690.72,964.7,-200.0
2026-10-02 09:32,16487.63,15722.93,964.7,-200.0
2026-10-02 09:33,16469.52,15704.82,964.7,-200.0
2026-10-02 09:34,16518.7,15754.0,964.7,-200.0
2026-10-02 09:35,16519.89,15755.19,964.7,-200.0
2026-10-02 09:36,16515.76,15751.06,964.7,-200.0
2026-10-02 09:37,16538.32,15773.62,964.7,-200.0
2026-10-02 09:38,16526.06,15761.36,964.7,-200.0
2026-10-02 09:39,16523.88,15759.18,964.7,-200.0
2026-10-02 09:40,16508.42,15743.72,964.7,-200.0
2026-10-02 09:41,16519.72,15755.02,964.7,-200.0
2026-10-02 09:42,16551.88,15787.18,964.7,-200.0
2026-10-02 09:43,16558.5,15793.8,964.7,-200.0
2026-10-02 09:44,16579.5,15814.8,964.7,-200.0
2026-10-02 09:45,16593.58,15828.88,964.7,-200.0
2026-10-02 09:46,16600.46,15835.76,964.7,-200.0
2026-10-02 09:47,16602.64,15837.94,964.7,-200.0
2026-10-02 09:48,16586.28,15821.58,964.7,-200.0
2026-10-02 09:49,16575.04,15810.34,964.7,-200.0
2026-10-02 09:50,16596.26,15831.56,964.7,-200.0
2026-10-02 09:51,16574.86,15810.16,964.7,-200.0
2026-10-02 09:52,16566.92,15802.22,964.7,-200.0
2026-10-02 09:53,16541.46,15776.76,964.7,-200.0
2026-10-02 09:54,16511.7,15747.0,964.7,-200.0
2026-10-02 09:55,16477.46,15712.76,964.7,-200.0
2026-10-02 09:56,16395.5,15700.8,964.7,-270.0
2026-10-02 09:57,16428.14,15733.44,964.7,-270.0
2026-10-02 09:58,16460.18,15765.48,964.7,-270.0
2026-10-02 09:59,16456.26,15761.56,964.7,-270.0
2026-10-02 10:00,16450.77,15756.07,964.7,-270.0
2026-10-02 10:01,16473.26,15778.56,964.7,-270.0
2026-10-02 10:02,16496.06,15801.36,964.7,-270.0
2026-10-02 10:03,16506.09,15811.39,964.7,-270.0
2026-10-02 10:04,16525.18,15830.48,964.7,-270.0
2026-10-02 10:05,16519.16,15824.46,964.7,-270.0
2026-10-02 10:06,16514.15,15819.45,964.7,-270.0
2026-10-02 10:07,16500.56,15805.86,964.7,-270.0
2026-10-02 10:08,16514.79,15820.09,964.7,-270.0
2026-10-02 10:09,16512.89,15818.19,964.7,-270.0
2026-10-02 10:10,16523.34,15828.64,964.7,-270.0
2026-10-02 10:11,16471.3,15776.6,964.7,-270.0
2026-10-02 10:12,16507.56,15812.86,964.7,-270.0
2026-10-02 10:13,16516.32,15821.62,964.7,-270.0
2026-10-02 10:14,16512.39,15817.69,964.7,-270.0
2026-10-02 10:15,16505.8,15811.1,964.7,-270.0
2026-10-02 10:16,16517.2,15822.5,964.7,-270.0
2026-10-02 10:17,16526.24,15831.54,964.7,-270.0
2026-10-02 10:18,16550.66,15855.96,964.7,-270.0
2026-10-02 10:19,16545.38,15850.68,964.7,-270.0
2026-10-02 10:20,16556.6,15861.9,964.7,-270.0
2026-10-02 10:21,16553.58,15858.88,964.7,-270.0
2026-10-02 10:22,16541.74,15847.04,964.7,-270.0
2026-10-02 10:23,16534.18,15839.48,964.7,-270.0
2026-10-02 10:24,16566.29,15871.59,964.7,-270.0
2026-10-02 10:25,16559.36,15864.66,964.7,-270.0
2026-10-02 10:26,16571.28,15876.58,964.7,-270.0
2026-10-02 10:27,16563.86,15869.16,964.7,-270.0
2026-10-02 10:28,16563.86,15869.16,964.7,-270.0
2026-10-02 10:29,16553.38,15858.68,964.7,-270.0
2026-10-02 10:30,16531.96,15837.26,964.7,-270.0
2026-10-02 10:31,16525.3,15830.6,964.7,-270.0
2026-10-02 10:32,16524.06,15829.36,964.7,-270.0
2026-10-02 10:33,16524.8,15830.1,964.7,-270.0
2026-10-02 10:34,16534.56,15839.86,964.7,-270.0
2026-10-02 10:35,16546.0,15851.3,964.7,-270.0
2026-10-02 10:36,16549.86,15855.16,964.7,-270.0
2026-10-02 10:37,16546.57,15851.87,964.7,-270.0
2026-10-02 10:38,16559.24,15864.54,964.7,-270.0
2026-10-02 10:39,16544.1,15849.4,964.7,-270.0
2026-10-02 10:40,16555.38,15860.68,964.7,-270.0
2026-10-02 10:41,16571.66,15876.96,964.7,-270.0
2026-10-02 10:42,16567.94,15873.24,964.7,-270.0
2026-10-02 10:43,16549.82,15855.12,964.7,-270.0
2026-10-02 10:44,16558.02,15863.32,964.7,-270.0
2026-10-02 10:45,16541.22,15846.52,964.7,-270.0
2026-10-02 10:46,16553.22,15858.52,964.7,-270.0
2026-10-02 10:47,16558.94,15864.24,964.7,-270.0
2026-10-02 10:48,16573.88,15879.18,964.7,-270.0
2026-10-02 10:49,16553.8,15859.1,964.7,-270.0
2026-10-02 10:50,16532.38,15837.68,964.7,-270.0
2026-10-02 10:51,16535.8,15841.1,964.7,-270.0
2026-10-02 10:52,16501.22,15806.52,964.7,-270.0
2026-10-02 10:53,16506.24,15811.54,964.7,-270.0
2026-10-02 10:54,16486.1,15791.4,964.7,-270.0
2026-10-02 10:55,16511.38,15816.68,964.7,-270.0
2026-10-02 10:56,16514.59,15819.89,964.7,-270.0
2026-10-02 10:57,16517.4,15822.7,964.7,-270.0
2026-10-02 10:58,16487.57,15792.87,964.7,-270.0
2026-10-02 10:59,16477.64,15782.94,964.7,-270.0
2026-10-02 11:00,16487.5,15792.8,964.7,-270.0
2026-10-02 11:01,16487.94,15793.24,964.7,-270.0
2026-10-02 11:02,16466.86,15772.16,964.7,-270.0
2026-10-02 11:03,16435.56,15740.86,964.7,-270.0
2026-10-02 11:04,16428.38,15733.68,964.7,-270.0
2026-10-02 11:05,16416.05,15721.35,964.7,-270.0
2026-10-02 11:06,16412.43,15717.73,964.7,-270.0
2026-10-02 11:07,16402.92,15708.22,964.7,-270.0
2026-10-02 11:08,16406.02,15711.32,964.7,-270.0
2026-10-02 11:09,16373.7,15679.0,964.7,-270.0
2026-10-02 11:10,16358.81,15664.11,964.7,-270.0
2026-10-02 11:11,16360.98,15666.28,964.7,-270.0
2026-10-02 11:12,16326.58,15631.88,964.7,-270.0
2026-10-02 11:13,16352.82,15658.12,964.7,-270.0
2026-10-02 11:14,16352.7,15658.0,964.7,-270.0
2026-10-02 11:15,16355.01,15660.31,964.7,-270.0
2026-10-02 11:16,16333.78,15639.08,964.7,-270.0
2026-10-02 11:17,16319.3,15624.6,964.7,-270.0
2026-10-02 11:18,16332.66,15637.96,964.7,-270.0
2026-10-02 11:19,16323.18,15628.48,964.7,-270.0
2026-10-02 11:20,16298.55,15603.85,964.7,-270.0
2026-10-02 11:21,16330.36,15635.66,964.7,-270.0
2026-10-02 11:22,16333.1,15638.4,964.7,-270.0
2026-10-02 11:23,16335.38,15640.68,964.7,-270.0
2026-10-02 11:24,16275.01,15580.31,964.7,-270.0
2026-10-02 11:25,16284.62,15589.92,964.7,-270.0
2026-10-02 11:26,16310.1,15615.4,964.7,-270.0
2026-10-02 11:27,16336.86,15642.16,964.7,-270.0
2026-10-02 11:28,16339.56,15644.86,964.7,-270.0
2026-10-02 11:29,16356.59,15661.89,964.7,-270.0
2026-10-02 11:30,16325.5,15633.8,964.7,-273.0
2026-10-02 11:31,16342.98,15651.28,964.7,-273.0
2026-10-02 11:32,16364.46,15672.76,964.7,-273.0
2026-10-02 11:33,16379.99,15688.29,964.7,-273.0
2026-10-02 11:34,16380.4,15688.7,964.7,-273.0
2026-10-02 11:35,16378.06,15686.36,964.7,-273.0
2026-10-02 11:36,16373.8,15682.1,964.7,-273.0
2026-10-02 11:37,16384.16,15692.46,964.7,-273.0
2026-10-02 11:38,16380.1,15688.4,964.7,-273.0
2026-10-02 11:39,16382.28,15690.58,964.7,-273.0
2026-10-02 11:40,16371.38,15679.68,964.7,-273.0
2026-10-02 11:41,16357.59,15665.89,964.7,-273.0
2026-10-02 11:42,16390.74,15699.04,964.7,-273.0
2026-10-02 11:43,16371.35,15679.65,964.7,-273.0
2026-10-02 11:44,16373.22,15681.52,964.7,-273.0
2026-10-02 11:45,16373.0,15681.3,964.7,-273.0
2026-10-02 11:46,16386.06,15694.36,964.7,-273.0
2026-10-02 11:47,16375.54,15683.84,964.7,-273.0
2026-10-02 11:48,16376.84,15685.14,964.7,-273.0
2026-10-02 11:49,16365.62,15673.92,964.7,-273.0
2026-10-02 11:50,16363.6,15671.9,964.7,-273.0
2026-10-02 11:51,16381.2,15689.5,964.7,-273.0
2026-10-02 11:52,16366.3,15674.6,964.7,-273.0
2026-10-02 11:53,16354.64,15662.94,964.7,-273.0
2026-10-02 11:54,16351.14,15659.44,964.7,-273.0
2026-10-02 11:55,16370.76,15679.06,964.7,-273.0
2026-10-02 11:56,16360.46,15668.76,964.7,-273.0
2026-10-02 11:57,16370.0,15678.3,964.7,-273.0
2026-10-02 11:58,16370.12,15678.42,964.7,-273.0
2026-10-02 11:59,16385.1,15693.4,964.7,-273.0
2026-10-02 12:00,16400.36,15708.66,964.7,-273.0
2026-10-02 12:01,16414.42,15722.72,964.7,-273.0
2026-10-02 12:02,16403.31,15711.61,964.7,-273.0
2026-10-02 12:03,16391.43,15699.73,964.7,-273.0
2026-10-02 12:04,16403.17,15711.47,964.7,-273.0
2026-10-02 12:05,16388.74,15697.04,964.7,-273.0
2026-10-02 12:06,16410.88,15719.18,964.7,-273.0
2026-10-02 12:07,16408.08,15716.38,964.7,-273.0
2026-10-02 12:08,16410.78,15719.08,964.7,-273.0
2026-10-02 12:09,16420.27,15728.57,964.7,-273.0
2026-10-02 12:10,16417.3,15725.6,964.7,-273.0
2026-10-02 12:11,16408.69,15716.99,964.7,-273.0
2026-10-02 12:12,16395.27,15703.57,964.7,-273.0
2026-10-02 12:13,16394.42,15702.72,964.7,-273.0
2026-10-02 12:14,16409.18,15717.48,964.7,-273.0
2026-10-02 12:15,16399.66,15707.96,964.7,-273.0
2026-10-02 12:16,16406.5,15714.8,964.7,-273.0
2026-10-02 12:17,16403.44,15711.74,964.7,-273.0
2026-10-02 12:18,16409.24,15717.54,964.7,-273.0
2026-10-02 12:19,16410.27,15718.57,964.7,-273.0
2026-10-02 12:20,16408.32,15716.62,964.7,-273.0
2026-10-02 12:21,16404.54,15712.84,964.7,-273.0
2026-10-02 12:22,16393.94,15702.24,964.7,-273.0
2026-10-02 12:23,16385.4,15693.7,964.7,-273.0
2026-10-02 12:24,16374.12,15682.42,964.7,-273.0
2026-10-02 12:25,16387.6,15695.9,964.7,-273.0
2026-10-02 12:26,16380.02,15688.32,964.7,-273.0
2026-10-02 12:27,16373.14,15681.44,964.7,-273.0
2026-10-02 12:28,16377.14,15685.44,964.7,-273.0
2026-10-02 12:29,16367.58,15675.88,964.7,-273.0
2026-10-02 12:30,16368.66,15676.96,964.7,-273.0
2026-10-02 12:31,16386.4,15694.7,964.7,-273.0
2026-10-02 12:32,16376.54,15684.84,964.7,-273.0
2026-10-02 12:33,16386.92,15695.22,964.7,-273.0
2026-10-02 12:34,16392.92,15701.22,964.7,-273.0
2026-10-02 12:35,16397.8,15706.1,964.7,-273.0
2026-10-02 12:36,16390.24,15698.54,964.7,-273.0
2026-10-02 12:37,16391.74,15700.04,964.7,-273.0
2026-10-02 12:38,16410.1,15718.4,964.7,-273.0
2026-10-02 12:39,16415.58,15723.88,964.7,-273.0
2026-10-02 12:40,16390.3,15698.6,964.7,-273.0
2026-10-02 12:41,16370.96,15679.26,964.7,-273.0
2026-10-02 12:42,16365.58,15673.88,964.7,-273.0
2026-10-02 12:43,16363.7,15672.0,964.7,-273.0
2026-10-02 12:44,16373.3,15681.6,964.7,-273.0
2026-10-02 12:45,16378.74,15687.04,964.7,-273.0
2026-10-02 12:46,16384.64,15692.94,964.7,-273.0
2026-10-02 12:47,16369.36,15677.66,964.7,-273.0
2026-10-02 12:48,16373.14,15681.44,964.7,-273.0
2026-10-02 12:49,16370.66,15678.96,964.7,-273.0
2026-10-02 12:50,16368.46,15676.76,964.7,-273.0
2026-10-02 12:51,16381.1,15689.4,964.7,-273.0
2026-10-02 12:52,16387.0,15695.3,964.7,-273.0
2026-10-02 12:53,16401.36,15709.66,964.7,-273.0
2026-10-02 12:54,16400.38,15708.68,964.7,-273.0
2026-10-02 12:55,16401.2,15709.5,964.7,-273.0
2026-10-02 12:56,16399.78,15708.08,964.7,-273.0
2026-10-02 12:57,16398.14,15706.44,964.7,-273.0
2026-10-02 12:58,16390.62,15698.92,964.7,-273.0
2026-10-02 12:59,16390.58,15698.88,964.7,-273.0
2026-10-02 13:00,16418.76,15727.06,964.7,-273.0
2026-10-02 13:01,16432.34,15740.64,964.7,-273.0
2026-10-02 13:02,16426.18,15734.48,964.7,-273.0
2026-10-02 13:03,16425.78,15734.08,964.7,-273.0
2026-10-02 13:04,16417.26,15725.56,964.7,-273.0
2026-10-02 13:05,16421.88,15730.18,964.7,-273.0
2026-10-02 13:06,16400.58,15708.88,964.7,-273.0
2026-10-02 13:07,16384.28,15692.58,964.7,-273.0
2026-10-02 13:08,16398.9,15707.2,964.7,-273.0
2026-10-02 13:09,16401.9,15710.2,964.7,-273.0
2026-10-02 13:10,16401.4,15709.7,964.7,-273.0
2026-10-02 13:11,16401.92,15710.22,964.7,-273.0
2026-10-02 13:12,16400.06,15708.36,964.7,-273.0
2026-10-02 13:13,16400.5,15708.8,964.7,-273.0
2026-10-02 13:14,16393.84,15702.14,964.7,-273.0
2026-10-02 13:15,16389.5,15697.8,964.7,-273.0
2026-10-02 13:16,16399.22,15707.52,964.7,-273.0
2026-10-02 13:17,16409.74,15718.04,964.7,-273.0
2026-10-02 13:18,16409.7,15718.0,964.7,-273.0
2026-10-02 13:19,16408.18,15716.48,964.7,-273.0
2026-10-02 13:20,16394.1,15702.4,964.7,-273.0
2026-10-02 13:21,16372.82,15681.12,964.7,-273.0
2026-10-02 13:22,16376.66,15684.96,964.7,-273.0
2026-10-02 13:23,16361.38,15669.68,964.7,-273.0
2026-10-02 13:24,16350.28,15658.58,964.7,-273.0
2026-10-02 13:25,16358.84,15667.14,964.7,-273.0
2026-10-02 13:26,16343.84,15652.14,964.7,-273.0
2026-10-02 13:27,16335.58,15643.88,964.7,-273.0
2026-10-02 13:28,16343.6,15651.9,964.7,-273.0
2026-10-02 13:29,16340.84,15649.14,964.7,-273.0
2026-10-02 13:30,16342.02,15650.32,964.7,-273.0
2026-10-02 13:31,16364.06,15672.36,964.7,-273.0
2026-10-02 13:32,16363.66,15671.96,964.7,-273.0
2026-10-02 13:33,16379.76,15688.06,964.7,-273.0
2026-10-02 13:34,16384.19,15692.49,964.7,-273.0
2026-10-02 13:35,16373.32,15681.62,964.7,-273.0
2026-10-02 13:36,16354.83,15663.13,964.7,-273.0
2026-10-02 13:37,16367.9,15676.2,964.7,-273.0
2026-10-02 13:38,16366.41,15674.71,964.7,-273.0
2026-10-02 13:39,16365.82,15674.12,964.7,-273.0
2026-10-02 13:40,16358.93,15667.23,964.7,-273.0
2026-10-02 13:41,16358.08,15666.38,964.7,-273.0
2026-10-02 13:42,16348.3,15656.6,964.7,-273.0
2026-10-02 13:43,16355.22,15663.52,964.7,-273.0
2026-10-02 13:44,16375.3,15683.6,964.7,-273.0
2026-10-02 13:45,16374.58,15682.88,964.7,-273.0
2026-10-02 13:46,16371.57,15679.87,964.7,-273.0
2026-10-02 13:47,16380.04,15688.34,964.7,-273.0
2026-10-02 13:48,16377.64,15685.94,964.7,-273.0
2026-10-02 13:49,16380.44,15688.74,964.7,-273.0
2026-10-02 13:50,16367.26,15675.56,964.7,-273.0
2026-10-02 13:51,16398.94,15707.24,964.7,-273.0
2026-10-02 13:52,16402.34,15710.64,964.7,-273.0
2026-10-02 13:53,16402.84,15711.14,964.7,-273.0
2026-10-02 13:54,16402.67,15710.97,964.7,-273.0
2026-10-02 13:55,16393.94,15702.24,964.7,-273.0
2026-10-02 13:56,16389.14,15697.44,964.7,-273.0
2026-10-02 13:57,16379.08,15687.38,964.7,-273.0
2026-10-02 13:58,16381.7,15690.0,964.7,-273.0
2026-10-02 13:59,16388.62,15696.92,964.7,-273.0
2026-10-02 14:00,16395.13,15703.43,964.7,-273.0
2026-10-02 14:01,16389.9,15698.2,964.7,-273.0
2026-10-02 14:02,16374.02,15682.32,964.7,-273.0
2026-10-02 14:03,16384.78,15693.08,964.7,-273.0
2026-10-02 14:04,16389.04,15697.34,964.7,-273.0
2026-10-02 14:05,16384.88,15693.18,964.7,-273.0
2026-10-02 14:06,16385.12,15693.42,964.7,-273.0
2026-10-02 14:07,16382.22,15690.52,964.7,-273.0
2026-10-02 14:08,16382.82,15691.12,964.7,-273.0
2026-10-02 14:09,16378.98,15687.28,964.7,-273.0
2026-10-02 14:10,16379.3,15687.6,964.7,-273.0
2026-10-02 14:11,16378.9,15687.2,964.7,-273.0
2026-10-02 14:12,16380.46,15688.76,964.7,-273.0
2026-10-02 14:13,16385.02,15693.32,964.7,-273.0
2026-10-02 14:14,16394.06,15702.36,964.7,-273.0
2026-10-02 14:15,16386.98,15695.28,964.7,-273.0
2026-10-02 14:16,16372.95,15681.25,964.7,-273.0
2026-10-02 14:17,16371.74,15680.04,964.7,-273.0
2026-10-02 14:18,16370.98,15679.28,964.7,-273.0
2026-10-02 14:19,16368.99,15677.29,964.7,-273.0
2026-10-02 14:20,16372.18,15680.48,964.7,-273.0
2026-10-02 14:21,16367.5,15675.8,964.7,-273.0
2026-10-02 14:22,16354.38,15662.68,964.7,-273.0
2026-10-02 14:23,16351.7,15660.0,964.7,-273.0
2026-10-02 14:24,16354.33,15662.63,964.7,-273.0
2026-10-02 14:25,16363.64,15671.94,964.7,-273.0
2026-10-02 14:26,16362.28,15670.58,964.7,-273.0
2026-10-02 14:27,16362.02,15670.32,964.7,-273.0
2026-10-02 14:28,16374.81,15683.11,964.7,-273.0
2026-10-02 14:29,16373.5,15681.8,964.7,-273.0
2026-10-02 14:30,16373.5,15681.8,964.7,-273.0
2026-10-02 14:31,16368.34,15676.64,964.7,-273.0
2026-10-02 14:32,16384.94,15693.24,964.7,-273.0
2026-10-02 14:33,16382.45,15690.75,964.7,-273.0
2026-10-02 14:34,16376.82,15685.12,964.7,-273.0
2026-10-02 14:35,16379.14,15687.44,964.7,-273.0
2026-10-02 14:36,16381.14,15689.44,964.7,-273.0
2026-10-02 14:37,16384.56,15692.86,964.7,-273.0
2026-10-02 14:38,16371.46,15679.76,964.7,-273.0
2026-10-02 14:39,16371.46,15679.76,964.7,-273.0
2026-10-02 14:40,16373.1,15681.4,964.7,-273.0
2026-10-02 14:41,16383.3,15691.6,964.7,-273.0
2026-10-02 14:42,16386.22,15694.52,964.7,-273.0
2026-10-02 14:43,16388.52,15696.82,964.7,-273.0
2026-10-02 14:44,16396.14,15704.44,964.7,-273.0
2026-10-02 14:45,16394.96,15703.26,964.7,-273.0
2026-10-02 14:46,16395.9,15704.2,964.7,-273.0
2026-10-02 14:47,16395.28,15703.58,964.7,-273.0
2026-10-02 14:48,16391.1,15699.4,964.7,-273.0
2026-10-02 14:49,16391.46,15699.76,964.7,-273.0
2026-10-02 14:50,16390.9,15699.2,964.7,-273.0
2026-10-02 14:51,16392.78,15701.08,964.7,-273.0
2026-10-02 14:52,16392.88,15701.18,964.7,-273.0
2026-10-02 14:53,16391.81,15700.11,964.7,-273.0
2026-10-02 14:54,16398.76,15707.06,964.7,-273.0
2026-10-02 14:55,16393.24,15701.54,964.7,-273.0
2026-10-02 14:56,16391.42,15699.72,964.7,-273.0
2026-10-02 14:57,16390.62,15698.92,964.7,-273.0
2026-10-02 14:58,16391.98,15700.28,964.7,-273.0
2026-10-02 14:59,16394.78,15703.08,964.7,-273.0
2026-10-02 15:00,16392.41,15700.71,964.7,-273.0
2026-10-02 15:01,16399.18,15707.48,964.7,-273.0
2026-10-02 15:02,16399.96,15708.26,964.7,-273.0
2026-10-02 15:03,16393.86,15702.16,964.7,-273.0
2026-10-02 15:04,16397.28,15705.58,964.7,-273.0
2026-10-02 15:05,16392.18,15700.48,964.7,-273.0
2026-10-02 15:06,16388.42,15696.72,964.7,-273.0
2026-10-02 15:07,16384.18,15692.48,964.7,-273.0
2026-10-02 15:08,16380.76,15689.06,964.7,-273.0
2026-10-02 15:09,16378.86,15687.16,964.7,-273.0
2026-10-02 15:10,16377.02,15685.32,964.7,-273.0
2026-10-02 15:11,16383.1,15691.4,964.7,-273.0
2026-10-02 15:12,16381.94,15690.24,964.7,-273.0
2026-10-02 15:13,16383.82,15692.12,964.7,-273.0
2026-10-02 15:14,16385.9,15694.2,964.7,-273.0
2026-10-02 15:15,16384.05,15692.35,964.7,-273.0
2026-10-02 15:16,16386.1,15694.4,964.7,-273.0
2026-10-02 15:17,16397.38,15705.68,964.7,-273.0
2026-10-02 15:18,16406.39,15714.69,964.7,-273.0
2026-10-02 15:19,16398.38,15706.68,964.7,-273.0
2026-10-02 15:20,16394.86,15703.16,964.7,-273.0
2026-10-02 15:21,16393.64,15701.94,964.7,-273.0
2026-10-02 15:22,16394.5,15702.8,964.7,-273.0
2026-10-02 15:23,16391.02,15699.32,964.7,-273.0
2026-10-02 15:24,16402.73,15711.03,964.7,-273.0
2026-10-02 15:25,16407.94,15716.24,964.7,-273.0
2026-10-02 15:26,16397.76,15706.06,964.7,-273.0
2026-10-02 15:27,16400.04,15708.34,964.7,-273.0
2026-10-02 15:28,16398.58,15706.88,964.7,-273.0
2026-10-02 15:29,16394.8,15703.1,964.7,-273.0
2026-10-02 15:30,16405.23,15713.53,964.7,-273.0
2026-10-02 15:31,16406.46,15714.76,964.7,-273.0
2026-10-02 15:32,16408.96,15717.26,964.7,-273.0
2026-10-02 15:33,16403.08,15711.38,964.7,-273.0
2026-10-02 15:34,16419.9,15728.2,964.7,-273.0
2026-10-02 15:35,16421.7,15730.0,964.7,-273.0
2026-10-02 15:36,16423.0,15731.3,964.7,-273.0
2026-10-02 15:37,16425.94,15734.24,964.7,-273.0
2026-10-02 15:38,16431.76,15740.06,964.7,-273.0
2026-10-02 15:39,16425.62,15733.92,964.7,-273.0
2026-10-02 15:40,16417.77,15726.07,964.7,-273.0
2026-10-02 15:41,16419.68,15727.98,964.7,-273.0
2026-10-02 15:42,16408.62,15716.92,964.7,-273.0
2026-10-02 15:43,16409.98,15718.28,964.7,-273.0
2026-10-02 15:44,16417.3,15725.6,964.7,-273.0
2026-10-02 15:45,16423.5,15731.8,964.7,-273.0
2026-10-02 15:46,16428.61,15736.91,964.7,-273.0
2026-10-02 15:47,16435.6,15743.9,964.7,-273.0
2026-10-02 15:48,16417.66,15725.96,964.7,-273.0
2026-10-02 15:49,16407.32,15715.62,964.7,-273.0
2026-10-02 15:50,16419.88,15728.18,964.7,-273.0
2026-10-02 15:51,16418.97,15727.27,964.7,-273.0
2026-10-02 15:52,16424.84,15733.14,964.7,-273.0
2026-10-02 15:53,16431.9,15740.2,964.7,-273.0
2026-10-02 15:54,16407.86,15716.16,964.7,-273.0
2026-10-02 15:55,16394.46,15702.76,964.7,-273.0
2026-10-02 15:56,16405.38,15713.68,964.7,-273.0
2026-10-02 15:57,16414.46,15722.76,964.7,-273.0
2026-10-02 15:58,16409.88,15718.18,964.7,-273.0
2026-10-02 15:59,16415.6,15723.9,964.7,-273.0
2026-10-05 09:30,16438.16,15746.46,964.7,-273.0
2026-10-05 09:31,16478.06,15786.36,964.7,-273.0
2026-10-05 09:32,16480.84,15789.14,964.7,-273.0
2026-10-05 09:33,16483.9,15792.2,964.7,-273.0
2026-10-05 09:34,16489.82,15798.12,964.7,-273.0
2026-10-05 09:35,16493.38,15801.68,964.7,-273.0
2026-10-05 09:36,16480.98,15789.28,964.7,-273.0
2026-10-05 09:37,16471.76,15780.06,964.7,-273.0
2026-10-05 09:38,16480.58,15788.88,964.7,-273.0
2026-10-05 09:39,16482.27,15790.57,964.7,-273.0
2026-10-05 09:40,16479.54,15787.84,964.7,-273.0
2026-10-05 09:41,16489.42,15797.72,964.7,-273.0
2026-10-05 09:42,16494.96,15803.26,964.7,-273.0
2026-10-05 09:43,16482.48,15790.78,964.7,-273.0
2026-10-05 09:44,16487.98,15796.28,964.7,-273.0
2026-10-05 09:45,16487.93,15796.23,964.7,-273.0
2026-10-05 09:46,16477.96,15786.26,964.7,-273.0
2026-10-05 09:47,16474.06,15782.36,964.7,-273.0
2026-10-05 09:48,16488.3,15796.6,964.7,-273.0
2026-10-05 09:49,16484.92,15793.22,964.7,-273.0
2026-10-05 09:50,16488.12,15796.42,964.7,-273.0
2026-10-05 09:51,16493.78,15802.08,964.7,-273.0
2026-10-05 09:52,16497.56,15805.86,964.7,-273.0
2026-10-05 09:53,16478.32,15786.62,964.7,-273.0
2026-10-05 09:54,16485.46,15793.76,964.7,-273.0
2026-10-05 09:55,16494.08,15802.38,964.7,-273.0
2026-10-05 09:56,16488.54,15796.84,964.7,-273.0
2026-10-05 09:57,16492.16,15800.46,964.7,-273.0
2026-10-05 09:58,16475.1,15783.4,964.7,-273.0
2026-10-05 09:59,16497.82,15806.12,964.7,-273.0
2026-10-05 10:00,16453.98,15762.28,964.7,-273.0
2026-10-05 10:01,16498.99,15807.29,964.7,-273.0
2026-10-05 10:02,16509.28,15817.58,964.7,-273.0
2026-10-05 10:03,16509.36,15817.66,964.7,-273.0
2026-10-05 10:04,16510.96,15819.26,964.7,-273.0
2026-10-05 10:05,16530.62,15838.92,964.7,-273.0
2026-10-05 10:06,16533.38,15841.68,964.7,-273.0
2026-10-05 10:07,16539.53,15847.83,964.7,-273.0
2026-10-05 10:08,16549.36,15857.66,964.7,-273.0
2026-10-05 10:09,16560.86,15869.16,964.7,-273.0
2026-10-05 10:10,16548.96,15857.26,964.7,-273.0
2026-10-05 10:11,16567.38,15875.68,964.7,-273.0
2026-10-05 10:12,16574.12,15882.42,964.7,-273.0
2026-10-05 10:13,16579.4,15887.7,964.7,-273.0
2026-10-05 10:14,16570.7,15879.0,964.7,-273.0
2026-10-05 10:15,16592.3,15900.6,964.7,-273.0
2026-10-05 10:16,16606.34,15914.64,964.7,-273.0
2026-10-05 10:17,16606.68,15914.98,964.7,-273.0
2026-10-05 10:18,16597.14,15905.44,964.7,-273.0
2026-10-05 10:19,16603.82,15912.12,964.7,-273.0
2026-10-05 10:20,16622.3,15930.6,964.7,-273.0
2026-10-05 10:21,16613.05,15921.35,964.7,-273.0
2026-10-05 10:22,16622.05,15930.35,964.7,-273.0
2026-10-05 10:23,16617.96,15926.26,964.7,-273.0
2026-10-05 10:24,16622.82,15931.12,964.7,-273.0
2026-10-05 10:25,16626.14,15934.44,964.7,-273.0
2026-10-05 10:26,16625.14,15933.44,964.7,-273.0
2026-10-05 10:27,16616.58,15924.88,964.7,-273.0
2026-10-05 10:28,16616.22,15924.52,964.7,-273.0
2026-10-05 10:29,16623.47,15931.77,964.7,-273.0
2026-10-05 10:30,16602.3,15910.6,964.7,-273.0
2026-10-05 10:31,16590.82,15899.12,964.7,-273.0
2026-10-05 10:32,16578.76,15887.06,964.7,-273.0
2026-10-05 10:33,16567.26,15875.56,964.7,-273.0
2026-10-05 10:34,16570.2,15878.5,964.7,-273.0
2026-10-05 10:35,16575.51,15883.81,964.7,-273.0
2026-10-05 10:36,16574.22,15882.52,964.7,-273.0
2026-10-05 10:37,16594.96,15903.26,964.7,-273.0
2026-10-05 10:38,16594.18,15902.48,964.7,-273.0
2026-10-05 10:39,16595.12,15903.42,964.7,-273.0
2026-10-05 10:40,16598.7,15907.0,964.7,-273.0
2026-10-05 10:41,16602.14,15910.44,964.7,-273.0
2026-10-05 10:42,16590.19,15898.49,964.7,-273.0
2026-10-05 10:43,16590.58,15898.88,964.7,-273.0
2026-10-05 10:44,16593.47,15901.77,964.7,-273.0
2026-10-05 10:45,16598.82,15907.12,964.7,-273.0
2026-10-05 10:46,16601.23,15909.53,964.7,-273.0
2026-10-05 10:47,16603.74,15912.04,964.7,-273.0
2026-10-05 10:48,16600.4,15908.7,964.7,-273.0
2026-10-05 10:49,16602.5,15910.8,964.7,-273.0
2026-10-05 10:50,16602.64,15910.94,964.7,-273.0
2026-10-05 10:51,16597.14,15905.44,964.7,-273.0
2026-10-05 10:52,16597.2,15905.5,964.7,-273.0
2026-10-05 10:53,16605.47,15913.77,964.7,-273.0
2026-10-05 10:54,16605.1,15913.4,964.7,-273.0
2026-10-05 10:55,16599.49,15907.79,964.7,-273.0
2026-10-05 10:56,16606.47,15914.77,964.7,-273.0
2026-10-05 10:57,16626.74,15935.04,964.7,-273.0
2026-10-05 10:58,16630.82,15939.12,964.7,-273.0
2026-10-05 10:59,16629.34,15937.64,964.7,-273.0
2026-10-05 11:00,16628.14,15936.44,964.7,-273.0
2026-10-05 11:01,16629.82,15938.12,964.7,-273.0
2026-10-05 11:02,16627.86,15936.16,964.7,-273.0
2026-10-05 11:03,16615.8,15924.1,964.7,-273.0
2026-10-05 11:04,16626.27,15934.57,964.7,-273.0
2026-10-05 11:05,16622.06,15930.36,964.7,-273.0
2026-10-05 11:06,16615.14,15923.44,964.7,-273.0
2026-10-05 11:07,16616.5,15924.8,964.7,-273.0
2026-10-05 11:08,16611.98,15920.28,964.7,-273.0
2026-10-05 11:09,16607.06,15915.36,964.7,-273.0
2026-10-05 11:10,16609.72,15918.02,964.7,-273.0
2026-10-05 11:11,16608.4,15916.7,964.7,-273.0
2026-10-05 11:12,16601.9,15910.2,964.7,-273.0
2026-10-05 11:13,16608.59,15916.89,964.7,-273.0
2026-10-05 11:14,16612.92,15921.22,964.7,-273.0
2026-10-05 11:15,16621.62,15929.92,964.7,-273.0
2026-10-05 11:16,16608.58,15916.88,964.7,-273.0
2026-10-05 11:17,16613.93,15922.23,964.7,-273.0
2026-10-05 11:18,16608.75,15917.05,964.7,-273.0
2026-10-05 11:19,16612.8,15921.1,964.7,-273.0
2026-10-05 11:20,16617.92,15926.22,964.7,-273.0
2026-10-05 11:21,16610.38,15918.68,964.7,-273.0
2026-10-05 11:22,16606.26,15914.56,964.7,-273.0
2026-10-05 11:23,16622.52,15930.82,964.7,-273.0
2026-10-05 11:24,16633.92,15942.22,964.7,-273.0
2026-10-05 11:25,16628.98,15937.28,964.7,-273.0
2026-10-05 11:26,16624.97,15933.27,964.7,-273.0
2026-10-05 11:27,16616.15,15924.45,964.7,-273.0
2026-10-05 11:28,16615.98,15924.28,964.7,-273.0
2026-10-05 11:29,16635.72,15944.02,964.7,-273.0
2026-10-05 11:30,16635.06,15943.36,964.7,-273.0
2026-10-05 11:31,16635.22,15943.52,964.7,-273.0
2026-10-05 11:32,16642.76,15951.06,964.7,-273.0
2026-10-05 11:33,16645.34,15953.64,964.7,-273.0
2026-10-05 11:34,16636.03,15944.33,964.7,-273.0
2026-10-05 11:35,16632.46,15940.76,964.7,-273.0
2026-10-05 11:36,16638.71,15947.01,964.7,-273.0
2026-10-05 11:37,16638.9,15947.2,964.7,-273.0
2026-10-05 11:38,16641.5,15949.8,964.7,-273.0
2026-10-05 11:39,16637.92,15946.22,964.7,-273.0
2026-10-05 11:40,16636.2,15944.5,964.7,-273.0
2026-10-05 11:41,16656.58,15964.88,964.7,-273.0
2026-10-05 11:42,16657.78,15966.08,964.7,-273.0
2026-10-05 11:43,16663.16,15971.46,964.7,-273.0
2026-10-05 11:44,16610.22,15965.52,964.7,-320.0
2026-10-05 11:45,16595.62,15950.92,964.7,-320.0
2026-10-05 11:46,16593.02,15948.32,964.7,-320.0
2026-10-05 11:47,16594.18,15949.48,964.7,-320.0
2026-10-05 11:48,16594.58,15949.88,964.7,-320.0
2026-10-05 11:49,16611.14,15966.44,964.7,-320.0
2026-10-05 11:50,16607.44,15962.74,964.7,-320.0
2026-10-05 11:51,16608.82,15964.12,964.7,-320.0
2026-10-05 11:52,16612.56,15967.86,964.7,-320.0
2026-10-05 11:53,16609.2,15964.5,964.7,-320.0
2026-10-05 11:54,16613.2,15968.5,964.7,-320.0
2026-10-05 11:55,16602.45,15957.75,964.7,-320.0
2026-10-05 11:56,16608.27,15963.57,964.7,-320.0
2026-10-05 11:57,16606.36,15961.66,964.7,-320.0
2026-10-05 11:58,16610.42,15965.72,964.7,-320.0
2026-10-05 11:59,16610.56,15965.86,964.7,-320.0
2026-10-05 12:00,16602.38,15957.68,964.7,-320.0
2026-10-05 12:01,16601.9,15957.2,964.7,-320.0
2026-10-05 12:02,16604.28,15959.58,964.7,-320.0
2026-10-05 12:03,16589.82,15945.12,964.7,-320.0
2026-10-05 12:04,16591.15,15946.45,964.7,-320.0
2026-10-05 12:05,16594.5,15949.8,964.7,-320.0
2026-10-05 12:06,16597.25,15952.55,964.7,-320.0
2026-10-05 12:07,16590.03,15945.33,964.7,-320.0
2026-10-05 12:08,16590.83,15946.13,964.7,-320.0
2026-10-05 12:09,16600.32,15955.62,964.7,-320.0
2026-10-05 12:10,16597.38,15952.68,964.7,-320.0
2026-10-05 12:11,16597.75,15953.05,964.7,-320.0
2026-10-05 12:12,16601.28,15956.58,964.7,-320.0
2026-10-05 12:13,16604.66,15959.96,964.7,-320.0
2026-10-05 12:14,16601.18,15956.48,964.7,-320.0
2026-10-05 12:15,16589.42,15944.72,964.7,-320.0
2026-10-05 12:16,16594.47,15949.77,964.7,-320.0
2026-10-05 12:17,16588.72,15944.02,964.7,-320.0
2026-10-05 12:18,16588.06,15943.36,964.7,-320.0
2026-10-05 12:19,16590.52,15945.82,964.7,-320.0
2026-10-05 12:20,16588.3,15943.6,964.7,-320.0
2026-10-05 12:21,16585.2,15940.5,964.7,-320.0
2026-10-05 12:22,16600.88,15956.18,964.7,-320.0
2026-10-05 12:23,16621.46,15976.76,964.7,-320.0
2026-10-05 12:24,16623.44,15978.74,964.7,-320.0
2026-10-05 12:25,16619.14,15974.44,964.7,-320.0
2026-10-05 12:26,16628.11,15983.41,964.7,-320.0
2026-10-05 12:27,16626.31,15981.61,964.7,-320.0
2026-10-05 12:28,16628.02,15983.32,964.7,-320.0
2026-10-05 12:29,16630.92,15986.22,964.7,-320.0
2026-10-05 12:30,16630.68,15985.98,964.7,-320.0
2026-10-05 12:31,16627.22,15982.52,964.7,-320.0
2026-10-05 12:32,16625.64,15980.94,964.7,-320.0
2026-10-05 12:33,16628.5,15983.8,964.7,-320.0
2026-10-05 12:34,16633.86,15989.16,964.7,-320.0
2026-10-05 12:35,16643.64,15998.94,964.7,-320.0
2026-10-05 12:36,16647.24,16002.54,964.7,-320.0
2026-10-05 12:37,16649.8,16005.1,964.7,-320.0
2026-10-05 12:38,16654.18,16009.48,964.7,-320.0
2026-10-05 12:39,16651.53,16006.83,964.7,-320.0
2026-10-05 12:40,16653.34,16008.64,964.7,-320.0
2026-10-05 12:41,16665.54,16020.84,964.7,-320.0
2026-10-05 12:42,16668.98,16024.28,964.7,-320.0
2026-10-05 12:43,16674.35,16029.65,964.7,-320.0
2026-10-05 12:44,16678.88,16034.18,964.7,-320.0
2026-10-05 12:45,16673.8,16029.1,964.7,-320.0
2026-10-05 12:46,16671.37,16026.67,964.7,-320.0
2026-10-05 12:47,16670.85,16026.15,964.7,-320.0
2026-10-05 12:48,16666.16,16021.46,964.7,-320.0
2026-10-05 12:49,16685.14,16025.44,964.7,-305.0
2026-10-05 12:50,16692.44,16032.74,964.7,-305.0
2026-10-05 12:51,16692.87,16033.17,964.7,-305.0
2026-10-05 12:52,16698.28,16038.58,964.7,-305.0
2026-10-05 12:53,16701.08,16041.38,964.7,-305.0
2026-10-05 12:54,16691.52,16031.82,964.7,-305.0
2026-10-05 12:55,16682.88,16023.18,964.7,-305.0
2026-10-05 12:56,16682.72,16023.02,964.7,-305.0
2026-10-05 12:57,16679.54,16019.84,964.7,-305.0
2026-10-05 12:58,16683.48,16023.78,964.7,-305.0
2026-10-05 12:59,16675.84,16016.14,964.7,-305.0
2026-10-05 13:00,16672.38,16012.68,964.7,-305.0
2026-10-05 13:01,16677.72,16018.02,964.7,-305.0
2026-10-05 13:02,16667.86,16008.16,964.7,-305.0
2026-10-05 13:03,16666.4,16006.7,964.7,-305.0
2026-10-05 13:04,16669.42,16009.72,964.7,-305.0
2026-10-05 13:05,16665.72,16006.02,964.7,-305.0
2026-10-05 13:06,16669.86,16010.16,964.7,-305.0
2026-10-05 13:07,16673.36,16013.66,964.7,-305.0
2026-10-05 13:08,16672.62,16012.92,964.7,-305.0
2026-10-05 13:09,16669.2,16009.5,964.7,-305.0
2026-10-05 13:10,16674.38,16014.68,964.7,-305.0
2026-10-05 13:11,16679.18,16019.48,964.7,-305.0
2026-10-05 13:12,16681.42,16021.72,964.7,-305.0
2026-10-05 13:13,16681.72,16022.02,964.7,-305.0
2026-10-05 13:14,16681.52,16021.82,964.7,-305.0
2026-10-05 13:15,16691.7,16032.0,964.7,-305.0
2026-10-05 13:16,16692.4,16032.7,964.7,-305.0
2026-10-05 13:17,16681.56,16021.86,964.7,-305.0
2026-10-05 13:18,16680.68,16020.98,964.7,-305.0
2026-10-05 13:19,16687.88,16028.18,964.7,-305.0
2026-10-05 13:20,16689.3,16029.6,964.7,-305.0
2026-10-05 13:21,16691.35,16031.65,964.7,-305.0
2026-10-05 13:22,16693.06,16033.36,964.7,-305.0
2026-10-05 13:23,16691.6,16031.9,964.7,-305.0
2026-10-05 13:24,16694.5,16034.8,964.7,-305.0
2026-10-05 13:25,16689.0,16029.3,964.7,-305.0
2026-10-05 13:26,16691.98,16032.28,964.7,-305.0
2026-10-05 13:27,16688.63,16028.93,964.7,-305.0
2026-10-05 13:28,16693.14,16033.44,964.7,-305.0
2026-10-05 13:29,16694.46,16034.76,964.7,-305.0
2026-10-05 13:30,16686.56,16026.86,964.7,-305.0
2026-10-05 13:31,16689.92,16030.22,964.7,-305.0
2026-10-05 13:32,16691.18,16031.48,964.7,-305.0
2026-10-05 13:33,16687.12,16027.42,964.7,-305.0
2026-10-05 13:34,16690.3,16030.6,964.7,-305.0
2026-10-05 13:35,16690.62,16030.92,964.7,-305.0
2026-10-05 13:36,16689.68,16029.98,964.7,-305.0
2026-10-05 13:37,16697.59,16037.89,964.7,-305.0
2026-10-05 13:38,16688.36,16028.66,964.7,-305.0
2026-10-05 13:39,16685.58,16025.88,964.7,-305.0
2026-10-05 13:40,16685.6,16025.9,964.7,-305.0
2026-10-05 13:41,16689.06,16029.36,964.7,-305.0
2026-10-05 13:42,16692.12,16032.42,964.7,-305.0
2026-10-05 13:43,16701.12,16041.42,964.7,-305.0
2026-10-05 13:44,16725.18,16065.48,964.7,-305.0
2026-10-05 13:45,16722.32,16062.62,964.7,-305.0
2026-10-05 13:46,16717.18,16057.48,964.7,-305.0
2026-10-05 13:47,16713.46,16053.76,964.7,-305.0
2026-10-05 13:48,16714.36,16054.66,964.7,-305.0
2026-10-05 13:49,16716.5,16056.8,964.7,-305.0
2026-10-05 13:50,16715.96,16056.26,964.7,-305.0
2026-10-05 13:51,16719.1,16059.4,964.7,-305.0
2026-10-05 13:52,16715.94,16056.24,964.7,-305.0
2026-10-05 13:53,16718.42,16058.72,964.7,-305.0
2026-10-05 13:54,16708.67,16048.97,964.7,-305.0
2026-10-05 13:55,16707.12,16047.42,964.7,-305.0
2026-10-05 13:56,16709.82,16050.12,964.7,-305.0
2026-10-05 13:57,16708.0,16048.3,964.7,-305.0
2026-10-05 13:58,16715.02,16055.32,964.7,-305.0
2026-10-05 13:59,16713.46,16053.76,964.7,-305.0
2026-10-05 14:00,16717.2,16057.5,964.7,-305.0
2026-10-05 14:01,16725.18,16065.48,964.7,-305.0
2026-10-05 14:02,16718.22,16058.52,964.7,-305.0
2026-10-05 14:03,16717.92,16058.22,964.7,-305.0
2026-10-05 14:04,16718.04,16058.34,964.7,-305.0
2026-10-05 14:05,16707.16,16047.46,964.7,-305.0
2026-10-05 14:06,16703.47,16043.77,964.7,-305.0
2026-10-05 14:07,16700.54,16040.84,964.7,-305.0
2026-10-05 14:08,16705.57,16045.87,964.7,-305.0
2026-10-05 14:09,16707.92,16048.22,964.7,-305.0
2026-10-05 14:10,16708.12,16048.42,964.7,-305.0
2026-10-05 14:11,16710.96,16051.26,964.7,-305.0
2026-10-05 14:12,16710.29,16050.59,964.7,-305.0
2026-10-05 14:13,16708.65,16048.95,964.7,-305.0
2026-10-05 14:14,16714.13,16054.43,964.7,-305.0
2026-10-05 14:15,16715.9,16056.2,964.7,-305.0
2026-10-05 14:16,16719.98,16060.28,964.7,-305.0
2026-10-05 14:17,16721.5,16061.8,964.7,-305.0
2026-10-05 14:18,16722.32,16062.62,964.7,-305.0
2026-10-05 14:19,16718.26,16058.56,964.7,-305.0
2026-10-05 14:20,16718.26,16058.56,964.7,-305.0
2026-10-05 14:21,16728.22,16068.52,964.7,-305.0
2026-10-05 14:22,16721.0,16061.3,964.7,-305.0
2026-10-05 14:23,16720.04,16060.34,964.7,-305.0
2026-10-05 14:24,16724.29,16064.59,964.7,-305.0
2026-10-05 14:25,16721.54,16061.84,964.7,-305.0
2026-10-05 14:26,16729.54,16069.84,964.7,-305.0
2026-10-05 14:27,16733.8,16074.1,964.7,-305.0
2026-10-05 14:28,16741.62,16081.92,964.7,-305.0
2026-10-05 14:29,16734.54,16074.84,964.7,-305.0
2026-10-05 14:30,16735.11,16075.41,964.7,-305.0
2026-10-05 14:31,16729.46,16069.76,964.7,-305.0
2026-10-05 14:32,16728.02,16068.32,964.7,-305.0
2026-10-05 14:33,16729.82,16070.12,964.7,-305.0
2026-10-05 14:34,16730.06,16070.36,964.7,-305.0
2026-10-05 14:35,16739.2,16079.5,964.7,-305.0
2026-10-05 14:36,16738.74,16079.04,964.7,-305.0
2026-10-05 14:37,16733.86,16074.16,964.7,-305.0
2026-10-05 14:38,16730.87,16071.17,964.7,-305.0
2026-10-05 14:39,16736.44,16076.74,964.7,-305.0
2026-10-05 14:40,16739.54,16079.84,964.7,-305.0
2026-10-05 14:41,16737.92,16078.22,964.7,-305.0
2026-10-05 14:42,16741.2,16081.5,964.7,-305.0
2026-10-05 14:43,16733.46,16073.76,964.7,-305.0
2026-10-05 14:44,16733.56,16073.86,964.7,-305.0
2026-10-05 14:45,16733.48,16073.78,964.7,-305.0
2026-10-05 14:46,16735.18,16075.48,964.7,-305.0
2026-10-05 14:47,16732.48,16072.78,964.7,-305.0
2026-10-05 14:48,16728.68,16068.98,964.7,-305.0
2026-10-05 14:49,16732.64,16072.94,964.7,-305.0
2026-10-05 14:50,16732.74,16073.04,964.7,-305.0
2026-10-05 14:51,16742.44,16082.74,964.7,-305.0
2026-10-05 14:52,16743.74,16084.04,964.7,-305.0
2026-10-05 14:53,16744.52,16084.82,964.7,-305.0
2026-10-05 14:54,16741.1,16081.4,964.7,-305.0
2026-10-05 14:55,16741.66,16081.96,964.7,-305.0
2026-10-05 14:56,16750.22,16090.52,964.7,-305.0
2026-10-05 14:57,16759.7,16100.0,964.7,-305.0
2026-10-05 14:58,16763.58,16103.88,964.7,-305.0
2026-10-05 14:59,16764.26,16104.56,964.7,-305.0
2026-10-05 15:00,16764.58,16104.88,964.7,-305.0
2026-10-05 15:01,16777.82,16118.12,964.7,-305.0
2026-10-05 15:02,16790.22,16130.52,964.7,-305.0
2026-10-05 15:03,16784.86,16125.16,964.7,-305.0
2026-10-05 15:04,16780.66,16120.96,964.7,-305.0
2026-10-05 15:05,16690.56,16123.86,964.7,-398.0
2026-10-05 15:06,16689.98,16123.28,964.7,-398.0
2026-10-05 15:07,16684.78,16118.08,964.7,-398.0
2026-10-05 15:08,16679.3,16112.6,964.7,-398.0
2026-10-05 15:09,16684.5,16117.8,964.7,-398.0
2026-10-05 15:10,16683.52,16116.82,964.7,-398.0
2026-10-05 15:11,16689.98,16123.28,964.7,-398.0
2026-10-05 15:12,16693.62,16126.92,964.7,-398.0
2026-10-05 15:13,16697.1,16130.4,964.7,-398.0
2026-10-05 15:14,16710.79,16144.09,964.7,-398.0
2026-10-05 15:15,16702.49,16135.79,964.7,-398.0
2026-10-05 15:16,16712.57,16145.87,964.7,-398.0
2026-10-05 15:17,16716.62,16149.92,964.7,-398.0
2026-10-05 15:18,16728.42,16161.72,964.7,-398.0
2026-10-05 15:19,16728.28,16161.58,964.7,-398.0
2026-10-05 15:20,16725.28,16158.58,964.7,-398.0
2026-10-05 15:21,16723.12,16156.42,964.7,-398.0
2026-10-05 15:22,16716.64,16149.94,964.7,-398.0
2026-10-05 15:23,16713.9,16147.2,964.7,-398.0
2026-10-05 15:24,16709.12,16142.42,964.7,-398.0
2026-10-05 15:25,16721.68,16154.98,964.7,-398.0
2026-10-05 15:26,16720.3,16153.6,964.7,-398.0
2026-10-05 15:27,16713.92,16147.22,964.7,-398.0
2026-10-05 15:28,16712.44,16145.74,964.7,-398.0
2026-10-05 15:29,16707.03,16140.33,964.7,-398.0
2026-10-05 15:30,16702.04,16135.34,964.7,-398.0
2026-10-05 15:31,16701.64,16134.94,964.7,-398.0
2026-10-05 15:32,16693.45,16126.75,964.7,-398.0
2026-10-05 15:33,16690.38,16123.68,964.7,-398.0
2026-10-05 15:34,16692.18,16125.48,964.7,-398.0
2026-10-05 15:35,16688.44,16121.74,964.7,-398.0
2026-10-05 15:36,16695.88,16129.18,964.7,-398.0
2026-10-05 15:37,16699.65,16132.95,964.7,-398.0
2026-10-05 15:38,16702.61,16135.91,964.7,-398.0
2026-10-05 15:39,16689.54,16122.84,964.7,-398.0
2026-10-05 15:40,16689.02,16122.32,964.7,-398.0
2026-10-05 15:41,16680.82,16114.12,964.7,-398.0
2026-10-05 15:42,16678.2,16111.5,964.7,-398.0
2026-10-05 15:43,16678.62,16111.92,964.7,-398.0
2026-10-05 15:44,16680.5,16113.8,964.7,-398.0
2026-10-05 15:45,16658.62,16091.92,964.7,-398.0
2026-10-05 15:46,16650.76,16084.06,964.7,-398.0
2026-10-05 15:47,16646.48,16079.78,964.7,-398.0
2026-10-05 15:48,16648.4,16081.7,964.7,-398.0
2026-10-05 15:49,16642.34,16075.64,964.7,-398.0
2026-10-05 15:50,16623.19,16056.49,964.7,-398.0
2026-10-05 15:51,16621.18,16054.48,964.7,-398.0
2026-10-05 15:52,16612.67,16045.97,964.7,-398.0
2026-10-05 15:53,16607.5,16040.8,964.7,-398.0
2026-10-05 15:54,16607.44,16040.74,964.7,-398.0
2026-10-05 15:55,16598.14,16031.44,964.7,-398.0
2026-10-05 15:56,16606.8,16040.1,964.7,-398.0
2026-10-05 15:57,16611.68,16044.98,964.7,-398.0
2026-10-05 15:58,16620.54,16053.84,964.7,-398.0
2026-10-05 15:59,16647.1,16080.4,964.7,-398.0
2026-10-06 09:30,16884.03,16299.33,964.7,-380.0
2026-10-06 09:31,16872.86,16288.16,964.7,-380.0
2026-10-06 09:32,16881.16,16296.46,964.7,-380.0
2026-10-06 09:33,16876.68,16291.98,964.7,-380.0
2026-10-06 09:34,16863.58,16278.88,964.7,-380.0
2026-10-06 09:35,16866.03,16281.33,964.7,-380.0
2026-10-06 09:36,16870.84,16286.14,964.7,-380.0
2026-10-06 09:37,16864.24,16279.54,964.7,-380.0
2026-10-06 09:38,16879.54,16294.84,964.7,-380.0
2026-10-06 09:39,16882.84,16298.14,964.7,-380.0
2026-10-06 09:40,16896.26,16311.56,964.7,-380.0
2026-10-06 09:41,16897.21,16312.51,964.7,-380.0
2026-10-06 09:42,16889.46,16304.76,964.7,-380.0
2026-10-06 09:43,16885.7,16301.0,964.7,-380.0
2026-10-06 09:44,16897.83,16313.13,964.7,-380.0
2026-10-06 09:45,16891.58,16306.88,964.7,-380.0
2026-10-06 09:46,16909.82,16325.12,964.7,-380.0
2026-10-06 09:47,16911.64,16326.94,964.7,-380.0
2026-10-06 09:48,16919.88,16335.18,964.7,-380.0
2026-10-06 09:49,16920.82,16336.12,964.7,-380.0
2026-10-06 09:50,16925.1,16340.4,964.7,-380.0
2026-10-06 09:51,16923.8,16339.1,964.7,-380.0
2026-10-06 09:52,16923.5,16338.8,964.7,-380.0
2026-10-06 09:53,16921.7,16337.0,964.7,-380.0
2026-10-06 09:54,16934.22,16349.52,964.7,-380.0
2026-10-06 09:55,16939.53,16354.83,964.7,-380.0
2026-10-06 09:56,16950.66,16365.96,964.7,-380.0
2026-10-06 09:57,16973.34,16388.64,964.7,-380.0
2026-10-06 09:58,16963.42,16378.72,964.7,-380.0
2026-10-06 09:59,16963.06,16378.36,964.7,-380.0
2026-10-06 10:00,16981.17,16396.47,964.7,-380.0
2026-10-06 10:01,16979.02,16394.32,964.7,-380.0
2026-10-06 10:02,16969.52,16384.82,964.7,-380.0
2026-10-06 10:03,16954.6,16369.9,964.7,-380.0
2026-10-06 10:04,16970.7,16386.0,964.7,-380.0
2026-10-06 10:05,16965.65,16380.95,964.7,-380.0
2026-10-06 10:06,16957.19,16372.49,964.7,-380.0
2026-10-06 10:07,16990.17,16405.47,964.7,-380.0
2026-10-06 10:08,16991.46,16406.76,964.7,-380.0
2026-10-06 10:09,17001.42,16416.72,964.7,-380.0
2026-10-06 10:10,17003.3,16418.6,964.7,-380.0
2026-10-06 10:11,17001.64,16416.94,964.7,-380.0
2026-10-06 10:12,16990.24,16405.54,964.7,-380.0
2026-10-06 10:13,16980.59,16395.89,964.7,-380.0
2026-10-06 10:14,16978.22,16393.52,964.7,-380.0
2026-10-06 10:15,16994.98,16410.28,964.7,-380.0
2026-10-06 10:16,16984.48,16399.78,964.7,-380.0
2026-10-06 10:17,16985.72,16401.02,964.7,-380.0
2026-10-06 10:18,16958.3,16373.6,964.7,-380.0
2026-10-06 10:19,16953.98,16369.28,964.7,-380.0
2026-10-06 10:20,16949.13,16364.43,964.7,-380.0
2026-10-06 10:21,16957.46,16372.76,964.7,-380.0
2026-10-06 10:22,16960.32,16375.62,964.7,-380.0
2026-10-06 10:23,16937.92,16353.22,964.7,-380.0
2026-10-06 10:24,16945.82,16361.12,964.7,-380.0
2026-10-06 10:25,16936.52,16351.82,964.7,-380.0
2026-10-06 10:26,16928.83,16344.13,964.7,-380.0
2026-10-06 10:27,16923.26,16338.56,964.7,-380.0
2026-10-06 10:28,16927.86,16343.16,964.7,-380.0
2026-10-06 10:29,16905.7,16321.0,964.7,-380.0
2026-10-06 10:30,16899.9,16315.2,964.7,-380.0
2026-10-06 10:31,16910.69,16325.99,964.7,-380.0
2026-10-06 10:32,16917.91,16333.21,964.7,-380.0
2026-10-06 10:33,16923.96,16339.26,964.7,-380.0
2026-10-06 10:34,16926.39,16341.69,964.7,-380.0
2026-10-06 10:35,16937.64,16352.94,964.7,-380.0
2026-10-06 10:36,16945.94,16361.24,964.7,-380.0
2026-10-06 10:37,16948.3,16363.6,964.7,-380.0
2026-10-06 10:38,16950.79,16366.09,964.7,-380.0
2026-10-06 10:39,16957.5,16372.8,964.7,-380.0
2026-10-06 10:40,16960.06,16375.36,964.7,-380.0
2026-10-06 10:41,16973.66,16388.96,964.7,-380.0
2026-10-06 10:42,16985.32,16400.62,964.7,-380.0
2026-10-06 10:43,16983.03,16398.33,964.7,-380.0
2026-10-06 10:44,16987.94,16403.24,964.7,-380.0
2026-10-06 10:45,16979.62,16394.92,964.7,-380.0
2026-10-06 10:46,16974.82,16390.12,964.7,-380.0
2026-10-06 10:47,16971.52,16386.82,964.7,-380.0
2026-10-06 10:48,16963.46,16378.76,964.7,-380.0
2026-10-06 10:49,16967.78,16383.08,964.7,-380.0
2026-10-06 10:50,16984.66,16399.96,964.7,-380.0
2026-10-06 10:51,16984.06,16399.36,964.7,-380.0
2026-10-06 10:52,16984.16,16399.46,964.7,-380.0
2026-10-06 10:53,16993.32,16408.62,964.7,-380.0
2026-10-06 10:54,16991.46,16406.76,964.7,-380.0
2026-10-06 10:55,16990.52,16405.82,964.7,-380.0
2026-10-06 10:56,16998.1,16413.4,964.7,-380.0
2026-10-06 10:57,16992.14,16407.44,964.7,-380.0
2026-10-06 10:58,16992.9,16408.2,964.7,-380.0
2026-10-06 10:59,17001.5,16416.8,964.7,-380.0
2026-10-06 11:00,17012.8,16428.1,964.7,-380.0
2026-10-06 11:01,17007.38,16422.68,964.7,-380.0
2026-10-06 11:02,17004.82,16420.12,964.7,-380.0
2026-10-06 11:03,17013.12,16428.42,964.7,-380.0
2026-10-06 11:04,17006.24,16421.54,964.7,-380.0
2026-10-06 11:05,17023.46,16438.76,964.7,-380.0
2026-10-06 11:06,17032.4,16447.7,964.7,-380.0
2026-10-06 11:07,17021.7,16437.0,964.7,-380.0
2026-10-06 11:08,17016.86,16432.16,964.7,-380.0
2026-10-06 11:09,17024.1,16439.4,964.7,-380.0
2026-10-06 11:10,17019.24,16434.54,964.7,-380.0
2026-10-06 11:11,17025.58,16440.88,964.7,-380.0
2026-10-06 11:12,17024.05,16439.35,964.7,-380.0
2026-10-06 11:13,17038.54,16453.84,964.7,-380.0
2026-10-06 11:14,17043.2,16458.5,964.7,-380.0
2026-10-06 11:15,17052.21,16467.51,964.7,-380.0
2026-10-06 11:16,17042.26,16457.56,964.7,-380.0
2026-10-06 11:17,17042.5,16457.8,964.7,-380.0
2026-10-06 11:18,17043.9,16459.2,964.7,-380.0
2026-10-06 11:19,17055.67,16470.97,964.7,-380.0
2026-10-06 11:20,17050.26,16465.56,964.7,-380.0
2026-10-06 11:21,17052.58,16467.88,964.7,-380.0
2026-10-06 11:22,17050.43,16465.73,964.7,-380.0
2026-10-06 11:23,17044.74,16460.04,964.7,-380.0
2026-10-06 11:24,17055.36,16470.66,964.7,-380.0
2026-10-06 11:25,17054.34,16469.64,964.7,-380.0
2026-10-06 11:26,17061.82,16477.12,964.7,-380.0
2026-10-06 11:27,17055.13,16470.43,964.7,-380.0
2026-10-06 11:28,17056.1,16471.4,964.7,-380.0
2026-10-06 11:29,17047.96,16463.26,964.7,-380.0
2026-10-06 11:30,17034.46,16449.76,964.7,-380.0
2026-10-06 11:31,17038.6,16453.9,964.7,-380.0
2026-10-06 11:32,17043.26,16458.56,964.7,-380.0
2026-10-06 11:33,17037.28,16452.58,964.7,-380.0
2026-10-06 11:34,17044.7,16460.0,964.7,-380.0
2026-10-06 11:35,17035.47,16450.77,964.7,-380.0
2026-10-06 11:36,17037.52,16452.82,964.7,-380.0
2026-10-06 11:37,17041.95,16457.25,964.7,-380.0
2026-10-06 11:38,17053.94,16469.24,964.7,-380.0
2026-10-06 11:39,17053.16,16468.46,964.7,-380.0
2026-10-06 11:40,17054.78,16470.08,964.7,-380.0
2026-10-06 11:41,17058.18,16473.48,964.7,-380.0
2026-10-06 11:42,17048.39,16463.69,964.7,-380.0
2026-10-06 11:43,17045.44,16460.74,964.7,-380.0
2026-10-06 11:44,17042.2,16457.5,964.7,-380.0
2026-10-06 11:45,17029.9,16445.2,964.7,-380.0
2026-10-06 11:46,17043.94,16459.24,964.7,-380.0
2026-10-06 11:47,17039.3,16454.6,964.7,-380.0
2026-10-06 11:48,17039.2,16454.5,964.7,-380.0
2026-10-06 11:49,17045.68,16460.98,964.7,-380.0
2026-10-06 11:50,17045.18,16460.48,964.7,-380.0
2026-10-06 11:51,17045.42,16460.72,964.7,-380.0
2026-10-06 11:52,17044.62,16459.92,964.7,-380.0
2026-10-06 11:53,17042.95,16458.25,964.7,-380.0
2026-10-06 11:54,17040.44,16455.74,964.7,-380.0
2026-10-06 11:55,17029.1,16444.4,964.7,-380.0
2026-10-06 11:56,17042.72,16458.02,964.7,-380.0
2026-10-06 11:57,17041.26,16456.56,964.7,-380.0
2026-10-06 11:58,17036.46,16451.76,964.7,-380.0
2026-10-06 11:59,17037.18,16452.48,964.7,-380.0
2026-10-06 12:00,17031.84,16447.14,964.7,-380.0
2026-10-06 12:01,16881.47,16456.77,964.7,-540.0
2026-10-06 12:02,16881.57,16456.87,964.7,-540.0
2026-10-06 12:03,16881.62,16456.92,964.7,-540.0
2026-10-06 12:04,16878.66,16453.96,964.7,-540.0
2026-10-06 12:05,16878.56,16453.86,964.7,-540.0
2026-10-06 12:06,16880.47,16455.77,964.7,-540.0
2026-10-06 12:07,16879.75,16455.05,964.7,-540.0
2026-10-06 12:08,16859.91,16435.21,964.7,-540.0
2026-10-06 12:09,16851.54,16426.84,964.7,-540.0
2026-10-06 12:10,16857.66,16432.96,964.7,-540.0
2026-10-06 12:11,16863.29,16438.59,964.7,-540.0
2026-10-06 12:12,16868.22,16443.52,964.7,-540.0
2026-10-06 12:13,16870.55,16445.85,964.7,-540.0
2026-10-06 12:14,16877.22,16452.52,964.7,-540.0
2026-10-06 12:15,16855.97,16431.27,964.7,-540.0
2026-10-06 12:16,16844.5,16419.8,964.7,-540.0
2026-10-06 12:17,16837.9,16413.2,964.7,-540.0
2026-10-06 12:18,16849.76,16425.06,964.7,-540.0
2026-10-06 12:19,16851.56,16426.86,964.7,-540.0
2026-10-06 12:20,16850.44,16425.74,964.7,-540.0
2026-10-06 12:21,16849.5,16424.8,964.7,-540.0
2026-10-06 12:22,16854.94,16430.24,964.7,-540.0
2026-10-06 12:23,16849.63,16424.93,964.7,-540.0
2026-10-06 12:24,16849.63,16424.93,964.7,-540.0
2026-10-06 12:25,16848.06,16423.36,964.7,-540.0
2026-10-06 12:26,16850.37,16425.67,964.7,-540.0
2026-10-06 12:27,16834.36,16409.66,964.7,-540.0
2026-10-06 12:28,16833.54,16408.84,964.7,-540.0
2026-10-06 12:29,16828.77,16404.07,964.7,-540.0
2026-10-06 12:30,16824.22,16399.52,964.7,-540.0
2026-10-06 12:31,16829.62,16404.92,964.7,-540.0
2026-10-06 12:32,16832.72,16408.02,964.7,-540.0
2026-10-06 12:33,16832.58,16407.88,964.7,-540.0
2026-10-06 12:34,16839.07,16414.37,964.7,-540.0
2026-10-06 12:35,16838.9,16414.2,964.7,-540.0
2026-10-06 12:36,16831.48,16406.78,964.7,-540.0
2026-10-06 12:37,16821.5,16396.8,964.7,-540.0
2026-10-06 12:38,16823.78,16399.08,964.7,-540.0
2026-10-06 12:39,16821.64,16396.94,964.7,-540.0
2026-10-06 12:40,16829.4,16404.7,964.7,-540.0
2026-10-06 12:41,16831.3,16406.6,964.7,-540.0
2026-10-06 12:42,16823.19,16398.49,964.7,-540.0
2026-10-06 12:43,16828.94,16404.24,964.7,-540.0
2026-10-06 12:44,16836.14,16411.44,964.7,-540.0
2026-10-06 12:45,16833.86,16409.16,964.7,-540.0
2026-10-06 12:46,16836.54,16411.84,964.7,-540.0
2026-10-06 12:47,16831.72,16407.02,964.7,-540.0
2026-10-06 12:48,16807.66,16382.96,964.7,-540.0
2026-10-06 12:49,16808.02,16383.32,964.7,-540.0
2026-10-06 12:50,16819.22,16394.52,964.7,-540.0
2026-10-06 12:51,16817.21,16392.51,964.7,-540.0
2026-10-06 12:52,16828.12,16403.42,964.7,-540.0
2026-10-06 12:53,16830.35,16405.65,964.7,-540.0
2026-10-06 12:54,16822.68,16397.98,964.7,-540.0
2026-10-06 12:55,16808.02,16383.32,964.7,-540.0
2026-10-06 12:56,16811.68,16386.98,964.7,-540.0
2026-10-06 12:57,16811.26,16386.56,964.7,-540.0
2026-10-06 12:58,16811.04,16386.34,964.7,-540.0
2026-10-06 12:59,16811.41,16386.71,964.7,-540.0
2026-10-06 13:00,16813.16,16388.46,964.7,-540.0
2026-10-06 13:01,16813.44,16388.74,964.7,-540.0
2026-10-06 13:02,16795.34,16370.64,964.7,-540.0
2026-10-06 13:03,16800.66,16375.96,964.7,-540.0
2026-10-06 13:04,16802.14,16377.44,964.7,-540.0
2026-10-06 13:05,16804.44,16379.74,964.7,-540.0
2026-10-06 13:06,16799.84,16375.14,964.7,-540.0
2026-10-06 13:07,16803.5,16378.8,964.7,-540.0
2026-10-06 13:08,16803.86,16379.16,964.7,-540.0
2026-10-06 13:09,16801.4,16376.7,964.7,-540.0
2026-10-06 13:10,16805.94,16381.24,964.7,-540.0
2026-10-06 13:11,16803.18,16378.48,964.7,-540.0
2026-10-06 13:12,16793.9,16369.2,964.7,-540.0
2026-10-06 13:13,16783.72,16359.02,964.7,-540.0
2026-10-06 13:14,16786.68,16361.98,964.7,-540.0
2026-10-06 13:15,16781.11,16356.41,964.7,-540.0
2026-10-06 13:16,16776.9,16352.2,964.7,-540.0
2026-10-06 13:17,16765.9,16341.2,964.7,-540.0
2026-10-06 13:18,16769.06,16344.36,964.7,-540.0
2026-10-06 13:19,16761.76,16337.06,964.7,-540.0
2026-10-06 13:20,16761.54,16336.84,964.7,-540.0
2026-10-06 13:21,16755.7,16331.0,964.7,-540.0
2026-10-06 13:22,16755.42,16330.72,964.7,-540.0
2026-10-06 13:23,16748.25,16323.55,964.7,-540.0
2026-10-06 13:24,16763.58,16338.88,964.7,-540.0
2026-10-06 13:25,16773.16,16348.46,964.7,-540.0
2026-10-06 13:26,16776.8,16352.1,964.7,-540.0
2026-10-06 13:27,16777.02,16352.32,964.7,-540.0
2026-10-06 13:28,16784.64,16359.94,964.7,-540.0
2026-10-06 13:29,16788.51,16363.81,964.7,-540.0
2026-10-06 13:30,16778.08,16353.38,964.7,-540.0
2026-10-06 13:31,16784.66,16359.96,964.7,-540.0
2026-10-06 13:32,16782.1,16357.4,964.7,-540.0
2026-10-06 13:33,16789.27,16364.57,964.7,-540.0
2026-10-06 13:34,16806.74,16382.04,964.7,-540.0
2026-10-06 13:35,16808.64,16383.94,964.7,-540.0
2026-10-06 13:36,16805.82,16381.12,964.7,-540.0
2026-10-06 13:37,16809.92,16385.22,964.7,-540.0
2026-10-06 13:38,16808.4,16383.7,964.7,-540.0
2026-10-06 13:39,16804.24,16379.54,964.7,-540.0
2026-10-06 13:40,16806.04,16381.34,964.7,-540.0
2026-10-06 13:41,16801.56,16376.86,964.7,-540.0
2026-10-06 13:42,16801.46,16376.76,964.7,-540.0
2026-10-06 13:43,16809.76,16385.06,964.7,-540.0
2026-10-06 13:44,16807.39,16382.69,964.7,-540.0
2026-10-06 13:45,16801.27,16376.57,964.7,-540.0
2026-10-06 13:46,16806.28,16381.58,964.7,-540.0
2026-10-06 13:47,16803.12,16378.42,964.7,-540.0
2026-10-06 13:48,16807.01,16382.31,964.7,-540.0
2026-10-06 13:49,16808.55,16383.85,964.7,-540.0
2026-10-06 13:50,16817.0,16392.3,964.7,-540.0
2026-10-06 13:51,16812.89,16388.19,964.7,-540.0
2026-10-06 13:52,16813.54,16388.84,964.7,-540.0
2026-10-06 13:53,16812.32,16387.62,964.7,-540.0
2026-10-06 13:54,16806.48,16381.78,964.7,-540.0
2026-10-06 13:55,16786.34,16361.64,964.7,-540.0
2026-10-06 13:56,16780.6,16355.9,964.7,-540.0
2026-10-06 13:57,16790.76,16366.06,964.7,-540.0
2026-10-06 13:58,16793.64,16368.94,964.7,-540.0
2026-10-06 13:59,16790.22,16365.52,964.7,-540.0
2026-10-06 14:00,16789.98,16365.28,964.7,-540.0
2026-10-06 14:01,16802.74,16378.04,964.7,-540.0
2026-10-06 14:02,16811.69,16386.99,964.7,-540.0
2026-10-06 14:03,16816.54,16391.84,964.7,-540.0
2026-10-06 14:04,16818.68,16393.98,964.7,-540.0
2026-10-06 14:05,16818.88,16394.18,964.7,-540.0
2026-10-06 14:06,16814.42,16389.72,964.7,-540.0
2026-10-06 14:07,16814.89,16390.19,964.7,-540.0
2026-10-06 14:08,16819.46,16394.76,964.7,-540.0
2026-10-06 14:09,16819.31,16394.61,964.7,-540.0
2026-10-06 14:10,16820.27,16395.57,964.7,-540.0
2026-10-06 14:11,16826.54,16401.84,964.7,-540.0
2026-10-06 14:12,16824.41,16399.71,964.7,-540.0
2026-10-06 14:13,16811.12,16386.42,964.7,-540.0
2026-10-06 14:14,16816.86,16392.16,964.7,-540.0
2026-10-06 14:15,16818.44,16393.74,964.7,-540.0
2026-10-06 14:16,16818.56,16393.86,964.7,-540.0
2026-10-06 14:17,16815.47,16390.77,964.7,-540.0
2026-10-06 14:18,16811.86,16387.16,964.7,-540.0
2026-10-06 14:19,16806.12,16381.42,964.7,-540.0
2026-10-06 14:20,16796.4,16371.7,964.7,-540.0
2026-10-06 14:21,16796.35,16371.65,964.7,-540.0
2026-10-06 14:22,16795.68,16370.98,964.7,-540.0
2026-10-06 14:23,16795.26,16370.56,964.7,-540.0
2026-10-06 14:24,16795.62,16370.92,964.7,-540.0
2026-10-06 14:25,16796.47,16371.77,964.7,-540.0
2026-10-06 14:26,16801.28,16376.58,964.7,-540.0
2026-10-06 14:27,16799.42,16374.72,964.7,-540.0
2026-10-06 14:28,16795.04,16370.34,964.7,-540.0
2026-10-06 14:29,16810.86,16366.16,964.7,-520.0
2026-10-06 14:30,16810.1,16365.4,964.7,-520.0
2026-10-06 14:31,16809.5,16364.8,964.7,-520.0
2026-10-06 14:32,16812.5,16367.8,964.7,-520.0
2026-10-06 14:33,16811.9,16367.2,964.7,-520.0
2026-10-06 14:34,16819.82,16375.12,964.7,-520.0
2026-10-06 14:35,16812.5,16367.8,964.7,-520.0
2026-10-06 14:36,16812.72,16368.02,964.7,-520.0
2026-10-06 14:37,16812.04,16367.34,964.7,-520.0
2026-10-06 14:38,16812.42,16367.72,964.7,-520.0
2026-10-06 14:39,16812.82,16368.12,964.7,-520.0
2026-10-06 14:40,16813.24,16368.54,964.7,-520.0
2026-10-06 14:41,16812.11,16367.41,964.7,-520.0
2026-10-06 14:42,16813.95,16369.25,964.7,-520.0
2026-10-06 14:43,16817.49,16372.79,964.7,-520.0
2026-10-06 14:44,16817.1,16372.4,964.7,-520.0
2026-10-06 14:45,16815.94,16371.24,964.7,-520.0
2026-10-06 14:46,16814.86,16370.16,964.7,-520.0
2026-10-06 14:47,16821.26,16376.56,964.7,-520.0
2026-10-06 14:48,16821.09,16376.39,964.7,-520.0
2026-10-06 14:49,16821.7,16377.0,964.7,-520.0
2026-10-06 14:50,16821.38,16376.68,964.7,-520.0
2026-10-06 14:51,16825.3,16380.6,964.7,-520.0
2026-10-06 14:52,16825.0,16380.3,964.7,-520.0
2026-10-06 14:53,16825.14,16380.44,964.7,-520.0
2026-10-06 14:54,16824.68,16379.98,964.7,-520.0
2026-10-06 14:55,16824.3,16379.6,964.7,-520.0
2026-10-06 14:56,16831.28,16386.58,964.7,-520.0
2026-10-06 14:57,16831.9,16387.2,964.7,-520.0
2026-10-06 14:58,16831.96,16387.26,964.7,-520.0
2026-10-06 14:59,16832.6,16387.9,964.7,-520.0
2026-10-06 15:00,16833.06,16388.36,964.7,-520.0
2026-10-06 15:01,16829.71,16385.01,964.7,-520.0
2026-10-06 15:02,16831.82,16387.12,964.7,-520.0
2026-10-06 15:03,16831.59,16386.89,964.7,-520.0
2026-10-06 15:04,16831.04,16386.34,964.7,-520.0
2026-10-06 15:05,16835.46,16390.76,964.7,-520.0
2026-10-06 15:06,16827.79,16383.09,964.7,-520.0
2026-10-06 15:07,16819.58,16374.88,964.7,-520.0
2026-10-06 15:08,16818.32,16373.62,964.7,-520.0
2026-10-06 15:09,16806.42,16361.72,964.7,-520.0
2026-10-06 15:10,16811.82,16367.12,964.7,-520.0
2026-10-06 15:11,16813.82,16369.12,964.7,-520.0
2026-10-06 15:12,16818.5,16373.8,964.7,-520.0
2026-10-06 15:13,16813.06,16368.36,964.7,-520.0
2026-10-06 15:14,16815.33,16370.63,964.7,-520.0
2026-10-06 15:15,16817.78,16373.08,964.7,-520.0
2026-10-06 15:16,16820.14,16375.44,964.7,-520.0
2026-10-06 15:17,16817.54,16372.84,964.7,-520.0
2026-10-06 15:18,16807.3,16362.6,964.7,-520.0
2026-10-06 15:19,16811.66,16366.96,964.7,-520.0
2026-10-06 15:20,16814.4,16369.7,964.7,-520.0
2026-10-06 15:21,16815.42,16370.72,964.7,-520.0
2026-10-06 15:22,16808.46,16363.76,964.7,-520.0
2026-10-06 15:23,16806.43,16361.73,964.7,-520.0
2026-10-06 15:24,16807.94,16363.24,964.7,-520.0
2026-10-06 15:25,16808.25,16363.55,964.7,-520.0
2026-10-06 15:26,16809.08,16364.38,964.7,-520.0
2026-10-06 15:27,16806.54,16361.84,964.7,-520.0
2026-10-06 15:28,16813.18,16368.48,964.7,-520.0
2026-10-06 15:29,16808.0,16363.3,964.7,-520.0
2026-10-06 15:30,16807.14,16362.44,964.7,-520.0
2026-10-06 15:31,16812.3,16367.6,964.7,-520.0
